honey,flour,peanut butter,pasta,milk,detergent,sugar,orange,yogurt,soda,cheese,,,,
toothpaste,tea,bread,peanut butter,coffee,ketchup,oil,soap,potato,soda,milk,,,,
banana,cream,soda,pepper,cookies,sugar,grapes,mayonnaise,carrot,,,,,,
yogurt,peanut butter,cream,napkins,coffee,chocolate,ketchup,milk,,,,,,,
lettuce,carrot,water,fish,soda,beef,soap,,,,,,,,
soap,coffee,eggs,banana,toothpaste,water,beef,juice,yogurt drink,,,,,,
butter,onion,cream cheese,flour,coffee,,,,,,,,,,
cottage cheese,napkins,grapes,fish,potato,juice,tea,,,,,,,,
butter,tomato,sugar,yogurt,tea,ketchup,yogurt drink,grapes,cream,jam,,,,,
cheese,pasta,beef,eggs,jam,lettuce,chips,fish,detergent,banana,peanut butter,apple,cereal,salt,
pepper,carrot,spices,apple,banana,vinegar,shampoo,onion,peanut butter,juice,lettuce,,,,
juice,flour,cereal,rice,fish,tomato,,,,,,,,,
potato,banana,toothpaste,flour,lettuce,sugar,soap,honey,salt,orange,chicken,,,,
grapes,chicken,onion,napkins,cookies,,,,,,,,,,
pepper,flour,jam,onion,chips,fish,cookies,yogurt,honey,lettuce,sugar,detergent,,,
rice,coffee,lettuce,cheese,potato,chicken,,,,,,,,,
toothpaste,potato,soap,bread,fish,cereal,soda,flour,cottage cheese,rice,pasta,,,,
jam,pepper,onion,cookies,nuts,coffee,beef,rice,detergent,vinegar,milk,cream,cottage cheese,apple,
nuts,grapes,yogurt drink,yogurt,beef,pasta,toothpaste,lettuce,onion,carrot,juice,shampoo,spices,fish,
mayonnaise,chicken,butter,cream cheese,rice,juice,salt,cottage cheese,,,,,,,
salt,eggs,milk,jam,butter,shampoo,bread,cream,ketchup,chicken,oil,pasta,pepper,chips,mayonnaise
tomato,yogurt drink,mayonnaise,spices,orange,detergent,soda,,,,,,,,
tea,lettuce,honey,cream cheese,bread,pepper,vinegar,chicken,butter,eggs,,,,,
cottage cheese,carrot,lettuce,soda,water,cereal,mayonnaise,apple,detergent,yogurt,eggs,spices,pasta,chicken,
vinegar,juice,onion,soap,soda,water,coffee,carrot,nuts,cream cheese,sugar,shampoo,toothpaste,cream,ketchup
shampoo,coffee,juice,ketchup,bread,oil,,,,,,,,,
jam,nuts,yogurt drink,potato,tomato,mayonnaise,soap,vinegar,chips,detergent,cereal,,,,
peanut butter,pepper,spices,soda,ketchup,soap,detergent,bread,,,,,,,
butter,detergent,honey,grapes,shampoo,,,,,,,,,,
potato,cottage cheese,tea,lettuce,shampoo,yogurt,,,,,,,,,
tea,toothpaste,juice,ketchup,fish,cottage cheese,shampoo,yogurt drink,mayonnaise,vinegar,salt,butter,apple,soda,
water,chicken,cottage cheese,orange,peanut butter,yogurt,chocolate,yogurt drink,sugar,carrot,cream cheese,oil,coffee,nuts,
chips,napkins,orange,soap,butter,milk,spices,shampoo,cereal,salt,apple,carrot,,,
detergent,ketchup,vinegar,cheese,juice,beef,chicken,honey,cereal,,,,,,
soda,cream,honey,banana,beef,chips,pepper,carrot,jam,lettuce,soap,peanut butter,,,
salt,coffee,cottage cheese,tomato,flour,cream cheese,beef,vinegar,,,,,,,
eggs,cereal,yogurt,banana,cream cheese,tea,carrot,pasta,detergent,,,,,,
rice,detergent,sugar,jam,orange,,,,,,,,,,
apple,potato,cottage cheese,vinegar,onion,,,,,,,,,,
cookies,chocolate,cheese,detergent,oil,fish,coffee,spices,carrot,,,,,,
onion,cookies,napkins,bread,apple,soda,,,,,,,,,
butter,cream,soda,nuts,mayonnaise,yogurt drink,tea,toothpaste,,,,,,,
cheese,sugar,butter,pasta,potato,rice,vinegar,peanut butter,juice,yogurt drink,honey,chocolate,beef,banana,fish
apple,chips,salt,fish,flour,sugar,cream,tomato,pepper,soda,cottage cheese,tea,coffee,,
banana,orange,cream cheese,grapes,lettuce,nuts,beef,potato,tea,onion,toothpaste,tomato,,,
spices,cookies,ketchup,shampoo,fish,,,,,,,,,,
coffee,rice,mayonnaise,tomato,cream cheese,apple,detergent,ketchup,onion,lettuce,butter,soap,oil,sugar,cheese
cottage cheese,grapes,tea,salt,beef,vinegar,juice,detergent,cereal,pasta,yogurt,sugar,butter,,
mayonnaise,detergent,cottage cheese,cookies,napkins,orange,cheese,fish,,,,,,,
beef,butter,rice,honey,vinegar,cottage cheese,cream,detergent,fish,bread,flour,,,,
beef,jam,eggs,chocolate,potato,flour,nuts,cookies,detergent,,,,,,
cream cheese,coffee,orange,cottage cheese,oil,grapes,peanut butter,onion,soap,cereal,chips,ketchup,soda,flour,
cottage cheese,ketchup,peanut butter,fish,cream cheese,soap,spices,tea,rice,,,,,,
carrot,lettuce,potato,onion,shampoo,yogurt drink,yogurt,bread,,,,,,,
nuts,spices,rice,beef,salt,coffee,carrot,eggs,cream,chicken,tomato,grapes,pepper,tea,
cereal,orange,cottage cheese,water,apple,,,,,,,,,,
flour,banana,cream cheese,eggs,onion,yogurt,yogurt drink,tomato,juice,tea,apple,,,,
carrot,orange,oil,butter,fish,soap,nuts,apple,,,,,,,
beef,chocolate,water,cream,juice,spices,napkins,pepper,banana,cheese,salt,nuts,,,
pasta,bread,chips,beef,salt,,,,,,,,,,
flour,yogurt drink,toothpaste,soap,shampoo,tea,chicken,rice,pasta,vinegar,beef,coffee,spices,onion,
napkins,juice,cream cheese,rice,salt,cookies,shampoo,honey,soda,orange,tomato,toothpaste,nuts,lettuce,
pepper,carrot,jam,ketchup,tea,vinegar,cream cheese,toothpaste,cream,,,,,,
peanut butter,milk,juice,mayonnaise,soda,beef,apple,cream cheese,banana,cheese,,,,,
sugar,eggs,vinegar,cream,coffee,water,salt,yogurt drink,beef,pasta,rice,cottage cheese,,,
spices,banana,lettuce,cream,sugar,yogurt drink,,,,,,,,,
lettuce,soda,spices,cheese,grapes,coffee,fish,eggs,,,,,,,
honey,shampoo,flour,salt,sugar,ketchup,milk,potato,,,,,,,
cheese,flour,butter,cookies,tomato,orange,salt,potato,cereal,honey,juice,soap,pasta,banana,
tomato,jam,soap,napkins,oil,tea,cheese,lettuce,chocolate,grapes,flour,pepper,eggs,,
cookies,orange,chocolate,soda,cheese,shampoo,onion,cream cheese,yogurt,rice,flour,potato,,,
mayonnaise,nuts,pasta,tomato,apple,cottage cheese,chocolate,chips,ketchup,detergent,flour,shampoo,,,
water,flour,onion,honey,chips,chocolate,potato,milk,banana,ketchup,fish,pasta,juice,orange,yogurt drink
peanut butter,beef,juice,bread,orange,eggs,rice,fish,grapes,detergent,chocolate,cereal,tomato,potato,
banana,detergent,grapes,flour,eggs,coffee,spices,tomato,butter,,,,,,
chicken,beef,lettuce,peanut butter,ketchup,cream,nuts,milk,juice,honey,yogurt,,,,
butter,sugar,salt,chips,beef,mayonnaise,cereal,apple,yogurt,eggs,tea,jam,,,
peanut butter,nuts,juice,chicken,napkins,beef,potato,banana,grapes,fish,water,coffee,,,
butter,napkins,spices,apple,tea,chocolate,carrot,juice,water,soda,salt,,,,
potato,honey,yogurt,grapes,carrot,chicken,cereal,,,,,,,,
bread,jam,milk,shampoo,cheese,lettuce,vinegar,tomato,butter,salt,water,chips,coffee,,
tea,juice,cream cheese,napkins,soap,grapes,,,,,,,,,
vinegar,peanut butter,apple,salt,cookies,,,,,,,,,,
grapes,toothpaste,juice,detergent,onion,,,,,,,,,,
eggs,orange,bread,cheese,butter,soda,lettuce,fish,,,,,,,
spices,coffee,water,chicken,honey,beef,,,,,,,,,
cookies,nuts,beef,honey,pasta,cereal,jam,carrot,apple,peanut butter,coffee,spices,soap,chicken,napkins
oil,napkins,grapes,chips,bread,cereal,banana,cookies,beef,fish,carrot,cream,nuts,toothpaste,juice
bread,sugar,lettuce,grapes,cheese,butter,cream,ketchup,,,,,,,
carrot,yogurt drink,orange,juice,cream cheese,napkins,,,,,,,,,
orange,chips,coffee,shampoo,toothpaste,onion,cheese,cottage cheese,milk,mayonnaise,yogurt drink,fish,,,
cheese,nuts,cereal,spices,salt,pepper,peanut butter,vinegar,,,,,,,
yogurt drink,chocolate,grapes,banana,detergent,bread,cream,pepper,honey,cream cheese,,,,,
lettuce,bread,soda,grapes,onion,rice,soap,,,,,,,,
chocolate,chips,carrot,toothpaste,salt,juice,,,,,,,,,
flour,jam,grapes,orange,shampoo,banana,ketchup,beef,water,pasta,cream cheese,apple,,,
detergent,milk,shampoo,lettuce,cottage cheese,vinegar,,,,,,,,,
chips,cereal,tomato,lettuce,milk,beef,banana,apple,grapes,napkins,chicken,,,,
cottage cheese,peanut butter,soap,chips,vinegar,banana,cheese,pepper,lettuce,chicken,ketchup,chocolate,,,
nuts,pepper,detergent,beef,napkins,cereal,,,,,,,,,
chicken,cream,chocolate,yogurt,shampoo,pasta,sugar,oil,detergent,ketchup,juice,milk,,,
cottage cheese,lettuce,jam,pasta,orange,tea,banana,cookies,cheese,soap,spices,cream cheese,fish,carrot,chicken
banana,yogurt,toothpaste,soda,vinegar,carrot,napkins,honey,shampoo,detergent,,,,,
lettuce,peanut butter,detergent,salt,grapes,,,,,,,,,,
cream cheese,water,apple,tomato,yogurt,flour,beef,,,,,,,,
grapes,cream,milk,sugar,cottage cheese,pasta,salt,jam,juice,apple,bread,vinegar,,,
soap,potato,cookies,ketchup,orange,water,cream,fish,jam,mayonnaise,cottage cheese,vinegar,,,
mayonnaise,lettuce,grapes,pasta,honey,cheese,tomato,,,,,,,,
spices,grapes,mayonnaise,beef,cheese,chicken,,,,,,,,,
mayonnaise,flour,milk,pepper,cream cheese,onion,apple,jam,cereal,shampoo,coffee,,,,
napkins,grapes,yogurt drink,mayonnaise,banana,oil,jam,flour,chips,soap,water,,,,
potato,yogurt drink,peanut butter,cheese,sugar,,,,,,,,,,
nuts,juice,pepper,beef,rice,flour,,,,,,,,,
oil,pepper,flour,chocolate,butter,banana,yogurt,napkins,tea,nuts,detergent,juice,ketchup,vinegar,
butter,cereal,tomato,grapes,pasta,tea,cookies,honey,soap,peanut butter,,,,,
chicken,cookies,cream,cereal,rice,,,,,,,,,,
napkins,yogurt drink,fish,spices,butter,,,,,,,,,,
flour,coffee,shampoo,cheese,pasta,cottage cheese,vinegar,soda,,,,,,,
lettuce,eggs,yogurt,cream,vinegar,tomato,yogurt drink,coffee,cheese,flour,,,,,
soap,cookies,peanut butter,salt,honey,sugar,soda,chocolate,bread,napkins,,,,,
banana,flour,orange,nuts,onion,carrot,potato,soap,bread,cream,water,ketchup,pepper,tea,fish
pasta,pepper,vinegar,juice,ketchup,cream,carrot,coffee,,,,,,,
fish,water,chicken,toothpaste,cottage cheese,nuts,cheese,banana,,,,,,,
potato,cream cheese,cream,tea,onion,fish,jam,lettuce,chocolate,,,,,,
ketchup,salt,chocolate,cream cheese,yogurt,juice,mayonnaise,grapes,coffee,chips,sugar,peanut butter,,,
oil,tomato,pepper,beef,soda,apple,ketchup,shampoo,cereal,juice,butter,fish,coffee,honey,yogurt
water,tomato,yogurt,shampoo,nuts,banana,vinegar,oil,juice,soda,cream,fish,honey,,
honey,napkins,rice,apple,cream,oil,chips,,,,,,,,
lettuce,pasta,carrot,shampoo,mayonnaise,grapes,potato,sugar,yogurt,honey,,,,,
ketchup,milk,pasta,jam,cookies,orange,apple,salt,chips,chocolate,yogurt,detergent,,,
cream cheese,pasta,salt,eggs,shampoo,,,,,,,,,,
cheese,apple,eggs,nuts,cream,milk,lettuce,coffee,tomato,cottage cheese,honey,,,,
shampoo,chips,bread,flour,spices,,,,,,,,,,
pasta,banana,oil,napkins,lettuce,tea,cookies,yogurt drink,honey,,,,,,
vinegar,onion,cookies,ketchup,orange,pasta,cheese,chicken,,,,,,,
chicken,lettuce,sugar,yogurt drink,milk,orange,flour,banana,bread,,,,,,
jam,bread,salt,lettuce,oil,ketchup,cream,flour,cookies,butter,yogurt drink,spices,rice,vinegar,cheese
toothpaste,banana,tea,cottage cheese,spices,mayonnaise,rice,,,,,,,,
chips,cream cheese,jam,tea,cheese,vinegar,,,,,,,,,
juice,toothpaste,onion,cream,fish,lettuce,orange,salt,,,,,,,
bread,chips,chocolate,nuts,juice,yogurt drink,rice,mayonnaise,lettuce,,,,,,
milk,fish,salt,napkins,spices,detergent,potato,,,,,,,,
pepper,salt,nuts,fish,cereal,chicken,chocolate,cottage cheese,soda,sugar,onion,bread,detergent,yogurt,orange
onion,apple,fish,grapes,chicken,sugar,yogurt drink,carrot,coffee,milk,soda,pasta,oil,detergent,
vinegar,toothpaste,carrot,beef,eggs,pepper,banana,apple,napkins,cheese,lettuce,soap,butter,shampoo,jam
jam,yogurt,nuts,coffee,potato,orange,soap,honey,lettuce,tomato,,,,,
honey,water,potato,pasta,lettuce,detergent,milk,,,,,,,,
ketchup,napkins,cheese,yogurt,soda,butter,milk,,,,,,,,
detergent,jam,soda,tea,eggs,honey,oil,vinegar,peanut butter,apple,chips,,,,
juice,cheese,butter,yogurt,sugar,coffee,soap,detergent,banana,cereal,cream cheese,mayonnaise,,,
toothpaste,grapes,chicken,cereal,beef,tomato,sugar,napkins,detergent,,,,,,
potato,grapes,carrot,coffee,napkins,salt,beef,chips,oil,honey,cream,milk,,,
carrot,potato,pasta,tea,water,shampoo,detergent,,,,,,,,
yogurt,beef,tomato,potato,butter,shampoo,cookies,flour,pasta,spices,,,,,
vinegar,mayonnaise,cereal,napkins,orange,rice,grapes,chocolate,fish,nuts,bread,,,,
fish,shampoo,jam,chocolate,coffee,yogurt,cheese,carrot,honey,chicken,sugar,milk,tomato,vinegar,
cookies,chips,carrot,oil,flour,milk,honey,chocolate,juice,pasta,yogurt,rice,orange,butter,grapes
yogurt,fish,grapes,sugar,yogurt drink,oil,honey,cookies,chocolate,onion,,,,,
vinegar,yogurt,onion,cheese,juice,,,,,,,,,,
toothpaste,cottage cheese,coffee,pepper,salt,shampoo,,,,,,,,,
shampoo,rice,chocolate,bread,soda,tea,beef,yogurt drink,yogurt,,,,,,
napkins,chips,cream,cottage cheese,cheese,yogurt,oil,nuts,soda,pepper,detergent,shampoo,,,
jam,onion,soap,cookies,yogurt,chocolate,spices,,,,,,,,
soda,banana,tea,toothpaste,sugar,butter,cream,eggs,,,,,,,
mayonnaise,water,soap,nuts,vinegar,,,,,,,,,,
butter,cheese,yogurt,spices,tea,tomato,honey,,,,,,,,
yogurt drink,milk,carrot,orange,fish,potato,toothpaste,apple,pasta,,,,,,
flour,apple,banana,tomato,chicken,ketchup,potato,yogurt drink,cottage cheese,cheese,rice,,,,
onion,orange,milk,pasta,sugar,tomato,soda,rice,fish,coffee,vinegar,potato,,,
lettuce,honey,potato,flour,carrot,fish,yogurt drink,pepper,bread,soap,detergent,,,,
beef,grapes,pepper,cream cheese,apple,cheese,milk,jam,cream,onion,rice,vinegar,mayonnaise,cereal,
detergent,chips,chicken,nuts,potato,cream,cream cheese,soap,banana,lettuce,peanut butter,eggs,bread,butter,napkins
fish,napkins,yogurt drink,chicken,spices,oil,apple,chips,carrot,cottage cheese,cream,cookies,pepper,cheese,peanut butter
detergent,chocolate,cream cheese,toothpaste,coffee,apple,potato,chicken,fish,shampoo,cottage cheese,cereal,,,
chocolate,sugar,ketchup,soda,napkins,peanut butter,rice,honey,detergent,cottage cheese,butter,juice,flour,onion,
fish,honey,cottage cheese,butter,cream,oil,bread,milk,soda,,,,,,
mayonnaise,fish,apple,nuts,jam,soap,,,,,,,,,
soap,coffee,vinegar,butter,mayonnaise,milk,cereal,yogurt drink,shampoo,,,,,,
mayonnaise,pepper,salt,tomato,cookies,butter,soda,cream,yogurt,chocolate,pasta,fish,,,
cottage cheese,fish,grapes,honey,beef,salt,yogurt drink,chocolate,,,,,,,
soap,vinegar,orange,ketchup,apple,chocolate,chips,pepper,water,carrot,lettuce,jam,soda,sugar,detergent
soda,milk,orange,grapes,carrot,honey,jam,yogurt drink,,,,,,,
milk,carrot,cheese,potato,banana,pepper,honey,chicken,tea,toothpaste,juice,,,,
peanut butter,banana,chips,juice,water,butter,potato,soap,cookies,,,,,,
shampoo,detergent,soda,potato,cheese,cereal,lettuce,carrot,toothpaste,yogurt,cookies,vinegar,milk,,
jam,yogurt,grapes,soda,apple,coffee,spices,yogurt drink,cream cheese,peanut butter,rice,,,,
soap,eggs,soda,yogurt drink,juice,pepper,coffee,lettuce,mayonnaise,fish,spices,peanut butter,,,
yogurt drink,cookies,vinegar,fish,milk,,,,,,,,,,
soap,cream cheese,jam,lettuce,toothpaste,sugar,chicken,pepper,,,,,,,
grapes,juice,potato,detergent,carrot,yogurt,ketchup,cream,peanut butter,pepper,cream cheese,,,,
chips,orange,sugar,cookies,cream cheese,nuts,carrot,lettuce,,,,,,,
carrot,pepper,salt,cream,tomato,eggs,detergent,bread,rice,soda,fish,milk,apple,vinegar,
shampoo,lettuce,chocolate,cereal,cream cheese,tea,toothpaste,cheese,chicken,yogurt,orange,mayonnaise,chips,salt,onion
napkins,soap,butter,pepper,banana,pasta,flour,chicken,juice,apple,salt,shampoo,beef,,
eggs,rice,mayonnaise,orange,shampoo,nuts,coffee,onion,napkins,spices,toothpaste,butter,banana,cream cheese,
apple,tea,grapes,soda,potato,eggs,cottage cheese,water,orange,ketchup,napkins,bread,,,
coffee,vinegar,cottage cheese,ketchup,bread,cream,tomato,oil,juice,tea,honey,,,,
rice,nuts,pasta,tea,vinegar,chicken,ketchup,cream cheese,,,,,,,
chips,mayonnaise,toothpaste,cream,carrot,shampoo,nuts,banana,onion,,,,,,
shampoo,chocolate,yogurt,toothpaste,butter,sugar,,,,,,,,,
potato,onion,butter,rice,carrot,milk,yogurt,oil,chocolate,fish,coffee,orange,,,
orange,potato,yogurt,bread,pepper,,,,,,,,,,
bread,peanut butter,juice,carrot,chicken,chocolate,potato,soda,cottage cheese,cereal,rice,beef,spices,mayonnaise,jam
yogurt,coffee,shampoo,cream cheese,sugar,rice,nuts,chicken,napkins,,,,,,
apple,jam,ketchup,peanut butter,lettuce,shampoo,,,,,,,,,
chips,spices,ketchup,oil,butter,water,lettuce,cream,tea,juice,sugar,fish,yogurt,detergent,
detergent,pasta,mayonnaise,tomato,pepper,apple,bread,cereal,nuts,jam,beef,peanut butter,fish,cookies,
mayonnaise,milk,cream,lettuce,juice,butter,fish,coffee,pasta,shampoo,,,,,
tomato,banana,chicken,peanut butter,cream cheese,bread,lettuce,sugar,salt,detergent,coffee,carrot,orange,,
yogurt,spices,chocolate,potato,pepper,oil,,,,,,,,,
yogurt drink,apple,carrot,soda,oil,eggs,,,,,,,,,
oil,cottage cheese,nuts,coffee,peanut butter,chocolate,juice,butter,eggs,,,,,,
pasta,yogurt drink,pepper,flour,napkins,fish,toothpaste,nuts,tea,,,,,,
eggs,yogurt,shampoo,tea,fish,spices,mayonnaise,beef,soda,lettuce,flour,jam,apple,coffee,nuts
oil,cream,carrot,yogurt drink,napkins,tea,peanut butter,ketchup,,,,,,,
orange,tomato,honey,pepper,peanut butter,rice,,,,,,,,,
tea,vinegar,tomato,chocolate,grapes,detergent,nuts,yogurt drink,cookies,potato,rice,eggs,pepper,,
napkins,butter,juice,water,beef,peanut butter,soap,grapes,lettuce,cheese,soda,honey,,,
toothpaste,milk,spices,oil,tea,salt,eggs,,,,,,,,
cottage cheese,tomato,orange,soda,cereal,ketchup,cream,eggs,detergent,,,,,,
potato,oil,cottage cheese,coffee,cereal,orange,napkins,chocolate,butter,mayonnaise,ketchup,sugar,chicken,spices,salt
flour,water,mayonnaise,milk,onion,chocolate,beef,toothpaste,vinegar,salt,,,,,
butter,orange,yogurt drink,toothpaste,fish,chocolate,,,,,,,,,
cereal,butter,cheese,shampoo,detergent,flour,chips,salt,cream cheese,tea,soap,coffee,,,
tomato,milk,jam,rice,butter,,,,,,,,,,
shampoo,lettuce,soap,peanut butter,cookies,ketchup,banana,apple,cream cheese,chocolate,pasta,bread,,,
lettuce,yogurt,tea,carrot,sugar,soap,,,,,,,,,
pepper,vinegar,apple,yogurt drink,onion,chicken,cereal,cream,chips,cookies,jam,,,,
honey,pasta,bread,flour,napkins,rice,cheese,orange,,,,,,,
butter,cream cheese,potato,spices,cookies,,,,,,,,,,
soap,water,spices,apple,tomato,carrot,jam,cheese,peanut butter,flour,sugar,butter,chicken,,
grapes,tomato,salt,peanut butter,spices,detergent,cream cheese,beef,milk,oil,cheese,bread,carrot,,
peanut butter,sugar,juice,shampoo,cream cheese,potato,napkins,cereal,spices,,,,,,
mayonnaise,banana,chicken,milk,vinegar,jam,napkins,coffee,,,,,,,
toothpaste,mayonnaise,vinegar,cream,pasta,grapes,orange,cookies,napkins,honey,chips,,,,
cream,sugar,banana,beef,tomato,yogurt drink,eggs,chips,yogurt,cottage cheese,chocolate,,,,
cottage cheese,honey,chocolate,flour,oil,carrot,tomato,beef,,,,,,,
honey,rice,cream,soap,carrot,,,,,,,,,,
salt,bread,tomato,oil,rice,pasta,jam,cheese,cream,,,,,,
napkins,oil,spices,butter,pasta,detergent,rice,mayonnaise,peanut butter,ketchup,onion,fish,cream,,
spices,cream cheese,cookies,cheese,milk,salt,chicken,cottage cheese,pasta,napkins,tomato,nuts,soda,pepper,flour
coffee,fish,detergent,potato,tomato,shampoo,,,,,,,,,
eggs,tomato,spices,cottage cheese,lettuce,sugar,coffee,potato,apple,shampoo,mayonnaise,soap,,,
banana,vinegar,butter,yogurt,tea,oil,shampoo,potato,cream cheese,cereal,,,,,
butter,honey,banana,vinegar,peanut butter,beef,bread,pasta,tomato,apple,toothpaste,cottage cheese,eggs,,
banana,juice,ketchup,mayonnaise,sugar,cereal,oil,toothpaste,peanut butter,,,,,,
flour,ketchup,eggs,grapes,mayonnaise,butter,detergent,,,,,,,,
detergent,toothpaste,pasta,eggs,chips,nuts,,,,,,,,,
chocolate,yogurt drink,toothpaste,eggs,fish,water,,,,,,,,,
yogurt,yogurt drink,honey,toothpaste,eggs,coffee,banana,peanut butter,sugar,,,,,,
butter,oil,sugar,jam,soap,tea,soda,cookies,cheese,chicken,banana,vinegar,napkins,honey,
ketchup,orange,lettuce,shampoo,potato,soap,,,,,,,,,
tomato,jam,pasta,peanut butter,spices,carrot,beef,,,,,,,,
fish,potato,chips,peanut butter,butter,soap,,,,,,,,,
apple,salt,orange,nuts,soap,cream cheese,butter,cream,,,,,,,
yogurt drink,soda,cream cheese,jam,milk,ketchup,rice,butter,yogurt,cheese,oil,chocolate,,,
apple,oil,tea,soap,toothpaste,pepper,tomato,coffee,bread,fish,cream cheese,cream,peanut butter,vinegar,honey
milk,juice,soda,chocolate,cream cheese,eggs,nuts,toothpaste,lettuce,apple,,,,,
oil,soda,apple,detergent,banana,,,,,,,,,,
cream cheese,juice,shampoo,oil,carrot,pasta,water,cream,milk,rice,,,,,
onion,ketchup,cottage cheese,cream,sugar,water,shampoo,rice,spices,salt,,,,,
beef,soap,cottage cheese,shampoo,mayonnaise,cream,chips,cream cheese,grapes,flour,tomato,,,,
toothpaste,rice,banana,chips,tea,pepper,juice,napkins,oil,tomato,bread,soda,apple,fish,butter
tomato,detergent,sugar,vinegar,mayonnaise,,,,,,,,,,
napkins,water,tomato,vinegar,pasta,nuts,salt,honey,soap,cereal,butter,sugar,,,
ketchup,cookies,carrot,honey,lettuce,chocolate,eggs,tomato,yogurt,oil,spices,chicken,coffee,butter,chips
chocolate,chicken,coffee,nuts,oil,spices,cream,rice,cottage cheese,milk,eggs,,,,
chocolate,oil,beef,cream,rice,chips,butter,salt,apple,,,,,,
beef,lettuce,cottage cheese,pasta,cream cheese,napkins,tomato,honey,oil,,,,,,
banana,toothpaste,lettuce,cereal,honey,,,,,,,,,,
tea,lettuce,cream,carrot,sugar,napkins,jam,potato,soap,vinegar,peanut butter,eggs,honey,ketchup,
butter,tea,onion,chicken,orange,napkins,oil,cookies,flour,bread,cream,,,,
cream,nuts,beef,ketchup,potato,soap,cookies,coffee,cheese,tea,pasta,,,,
chips,chicken,cheese,vinegar,tomato,soda,onion,pepper,butter,beef,,,,,
honey,soap,bread,oil,butter,yogurt,,,,,,,,,
salt,cereal,apple,mayonnaise,chocolate,fish,cream,,,,,,,,
tomato,vinegar,cream,nuts,yogurt drink,butter,apple,chips,soda,,,,,,
cheese,nuts,salt,butter,potato,cookies,spices,lettuce,onion,rice,cream cheese,water,honey,chips,oil
honey,peanut butter,bread,chips,shampoo,cream cheese,milk,pepper,eggs,juice,onion,ketchup,,,
cream cheese,potato,toothpaste,rice,cheese,chocolate,nuts,juice,carrot,chips,oil,jam,detergent,apple,
mayonnaise,sugar,tomato,pepper,bread,cream,jam,orange,cookies,,,,,,
napkins,beef,shampoo,eggs,chicken,toothpaste,butter,sugar,oil,,,,,,
grapes,spices,lettuce,cream,chips,,,,,,,,,,
cream,cookies,cheese,beef,soap,banana,potato,,,,,,,,
fish,carrot,toothpaste,flour,eggs,sugar,soda,jam,,,,,,,
napkins,nuts,carrot,butter,grapes,soap,oil,toothpaste,,,,,,,
grapes,cereal,butter,nuts,cheese,sugar,potato,onion,carrot,peanut butter,bread,napkins,juice,tea,yogurt
water,fish,juice,mayonnaise,chicken,soap,flour,tea,coffee,shampoo,,,,,
toothpaste,detergent,cream,soap,jam,rice,potato,lettuce,onion,tomato,peanut butter,bread,spices,,
banana,napkins,salt,pepper,yogurt,soda,tea,lettuce,beef,sugar,fish,water,milk,butter,apple
pasta,spices,pepper,onion,jam,banana,cereal,,,,,,,,
chips,nuts,orange,lettuce,beef,ketchup,,,,,,,,,
yogurt,carrot,sugar,soap,banana,potato,flour,mayonnaise,eggs,ketchup,tomato,cottage cheese,tea,oil,
chips,soap,orange,milk,jam,pasta,,,,,,,,,
peanut butter,detergent,ketchup,cream,apple,,,,,,,,,,
cereal,eggs,napkins,pepper,salt,soda,juice,chicken,fish,chips,grapes,,,,
flour,pepper,cream cheese,rice,napkins,eggs,grapes,chips,jam,cereal,cottage cheese,fish,vinegar,spices,
shampoo,detergent,cream,toothpaste,grapes,tea,cookies,,,,,,,,
flour,pasta,honey,apple,orange,oil,,,,,,,,,
yogurt drink,pasta,grapes,oil,jam,flour,coffee,onion,spices,,,,,,
cookies,spices,pepper,apple,soda,chicken,fish,tea,yogurt drink,toothpaste,napkins,sugar,potato,rice,bread
carrot,cream cheese,butter,cereal,spices,yogurt drink,banana,cookies,apple,cottage cheese,eggs,peanut butter,orange,onion,cream
vinegar,coffee,toothpaste,ketchup,mayonnaise,apple,,,,,,,,,
honey,napkins,tea,potato,banana,tomato,rice,salt,chicken,pepper,coffee,eggs,yogurt,,
banana,potato,salt,ketchup,juice,fish,,,,,,,,,
nuts,flour,cottage cheese,shampoo,jam,chicken,rice,mayonnaise,eggs,,,,,,
sugar,pepper,chips,lettuce,spices,,,,,,,,,,
fish,cereal,chips,milk,water,juice,mayonnaise,yogurt,yogurt drink,soda,tea,carrot,,,
chocolate,water,cottage cheese,sugar,eggs,flour,carrot,,,,,,,,
onion,eggs,pasta,cookies,napkins,soda,,,,,,,,,
chicken,carrot,salt,cream,cottage cheese,soda,mayonnaise,banana,chips,bread,fish,rice,spices,grapes,vinegar
vinegar,mayonnaise,soap,spices,fish,chicken,peanut butter,shampoo,toothpaste,onion,lettuce,ketchup,potato,cookies,
vinegar,oil,detergent,cottage cheese,cereal,ketchup,jam,peanut butter,beef,cheese,napkins,coffee,tea,potato,orange
pasta,sugar,fish,water,milk,cookies,onion,,,,,,,,
chocolate,banana,grapes,nuts,detergent,mayonnaise,coffee,pasta,yogurt,fish,tomato,lettuce,orange,milk,napkins
napkins,grapes,honey,lettuce,cereal,sugar,yogurt,shampoo,chips,jam,carrot,,,,
ketchup,sugar,soap,pasta,oil,potato,tomato,beef,cookies,bread,coffee,,,,
detergent,milk,flour,yogurt,soda,,,,,,,,,,
water,cottage cheese,apple,chocolate,spices,peanut butter,yogurt,beef,butter,vinegar,orange,,,,
butter,coffee,detergent,beef,chocolate,,,,,,,,,,
cheese,cookies,shampoo,rice,cream cheese,coffee,peanut butter,soda,eggs,flour,,,,,
flour,cream,tea,fish,pepper,bread,potato,jam,water,nuts,banana,,,,
cheese,oil,yogurt,honey,bread,toothpaste,pasta,chocolate,jam,chips,cottage cheese,,,,
banana,water,rice,coffee,lettuce,soda,salt,yogurt drink,cookies,oil,cream,,,,
cream,yogurt,lettuce,juice,cottage cheese,honey,onion,,,,,,,,
spices,rice,detergent,bread,tea,potato,mayonnaise,salt,nuts,,,,,,
juice,cheese,chocolate,oil,tomato,detergent,shampoo,banana,yogurt drink,pepper,beef,napkins,coffee,,
mayonnaise,cheese,peanut butter,oil,rice,,,,,,,,,,
honey,coffee,orange,oil,cream cheese,rice,milk,juice,flour,shampoo,spices,cream,,,
eggs,sugar,pepper,tea,beef,cream,carrot,soda,yogurt drink,spices,pasta,soap,oil,,
lettuce,chips,milk,flour,water,onion,soda,grapes,sugar,,,,,,
soap,butter,jam,flour,cottage cheese,carrot,napkins,cookies,bread,tomato,honey,lettuce,nuts,beef,
oil,napkins,soap,coffee,rice,peanut butter,milk,cheese,spices,yogurt drink,,,,,
nuts,butter,chips,water,oil,tomato,orange,salt,spices,toothpaste,,,,,
banana,grapes,mayonnaise,napkins,apple,,,,,,,,,,
banana,yogurt,chicken,fish,shampoo,bread,toothpaste,salt,cream cheese,yogurt drink,,,,,
potato,cream cheese,vinegar,chips,tomato,cereal,ketchup,salt,,,,,,,
cereal,toothpaste,oil,banana,soda,napkins,beef,butter,yogurt,milk,,,,,
vinegar,carrot,cereal,ketchup,chips,rice,nuts,spices,bread,,,,,,
tea,toothpaste,bread,tomato,yogurt drink,,,,,,,,,,
chicken,yogurt drink,mayonnaise,orange,apple,tomato,eggs,banana,cereal,carrot,onion,spices,chocolate,vinegar,
pepper,lettuce,fish,vinegar,cheese,salt,cookies,shampoo,orange,ketchup,cream,tea,,,
cookies,nuts,carrot,apple,sugar,,,,,,,,,,
yogurt drink,chips,chicken,ketchup,flour,,,,,,,,,,
jam,salt,beef,water,peanut butter,napkins,flour,potato,yogurt drink,lettuce,chips,bread,mayonnaise,soap,soda
pepper,cereal,oil,spices,sugar,shampoo,,,,,,,,,
soap,juice,flour,nuts,soda,fish,cookies,cereal,bread,pepper,,,,,
honey,cream cheese,salt,banana,beef,sugar,potato,yogurt drink,chicken,oil,,,,,
potato,cream cheese,grapes,pepper,chocolate,napkins,shampoo,peanut butter,honey,nuts,onion,butter,rice,yogurt,
butter,chicken,tomato,onion,beef,cereal,soap,apple,cream,soda,jam,water,pasta,,
potato,onion,pasta,flour,lettuce,shampoo,toothpaste,cream cheese,banana,jam,spices,soap,detergent,,
soap,chocolate,pasta,coffee,eggs,,,,,,,,,,
jam,yogurt,water,yogurt drink,shampoo,beef,,,,,,,,,
honey,pepper,toothpaste,napkins,cream,cottage cheese,ketchup,beef,fish,orange,coffee,,,,
water,orange,peanut butter,tea,pasta,,,,,,,,,,
detergent,banana,ketchup,grapes,yogurt drink,,,,,,,,,,
orange,lettuce,fish,toothpaste,bread,juice,napkins,potato,mayonnaise,apple,,,,,
detergent,soda,eggs,grapes,tea,spices,orange,cream cheese,nuts,sugar,toothpaste,potato,milk,,
detergent,beef,butter,eggs,yogurt,apple,cream,peanut butter,,,,,,,
yogurt,chocolate,coffee,salt,bread,shampoo,oil,,,,,,,,
lettuce,spices,yogurt,peanut butter,bread,ketchup,oil,apple,water,,,,,,
apple,banana,pasta,cottage cheese,yogurt drink,chocolate,,,,,,,,,
cereal,potato,soda,tomato,nuts,,,,,,,,,,
nuts,vinegar,flour,chicken,orange,salt,cream cheese,yogurt,sugar,pasta,,,,,
rice,carrot,ketchup,cream cheese,napkins,toothpaste,peanut butter,detergent,flour,,,,,,
butter,bread,coffee,sugar,eggs,cookies,onion,pasta,chicken,ketchup,,,,,
lettuce,detergent,jam,cereal,onion,soda,toothpaste,banana,chicken,salt,,,,,
chicken,spices,soda,yogurt,grapes,sugar,tea,coffee,potato,shampoo,bread,butter,,,
orange,yogurt drink,cheese,pasta,napkins,tea,rice,cookies,sugar,,,,,,
onion,cream,mayonnaise,napkins,cereal,chocolate,yogurt,toothpaste,butter,orange,coffee,tea,banana,cream cheese,
bread,pepper,napkins,nuts,yogurt,fish,potato,shampoo,toothpaste,,,,,,
rice,banana,grapes,sugar,cereal,spices,cream,yogurt,cookies,bread,soap,lettuce,water,orange,cheese
tea,salt,coffee,fish,carrot,,,,,,,,,,
peanut butter,butter,pepper,water,rice,honey,chips,cereal,tomato,carrot,ketchup,,,,
ketchup,beef,honey,oil,water,juice,milk,salt,apple,eggs,cream cheese,,,,
eggs,sugar,chicken,bread,ketchup,honey,peanut butter,vinegar,toothpaste,,,,,,
napkins,chips,bread,eggs,pepper,grapes,chocolate,salt,lettuce,yogurt drink,mayonnaise,spices,tea,coffee,
cottage cheese,cereal,juice,soda,chicken,bread,potato,oil,salt,jam,apple,shampoo,,,
yogurt,mayonnaise,orange,cream,toothpaste,soda,coffee,water,nuts,pasta,sugar,peanut butter,butter,milk,jam
onion,honey,sugar,grapes,cheese,soap,coffee,,,,,,,,
potato,cream,toothpaste,banana,coffee,salt,pasta,eggs,chocolate,sugar,orange,pepper,bread,fish,cottage cheese
ketchup,apple,sugar,fish,chicken,,,,,,,,,,
cereal,beef,coffee,tea,grapes,carrot,lettuce,toothpaste,chocolate,,,,,,
oil,coffee,cereal,flour,beef,orange,jam,potato,vinegar,,,,,,
grapes,chocolate,pasta,cream cheese,rice,yogurt drink,cheese,vinegar,,,,,,,
cookies,cream,soap,cream cheese,toothpaste,honey,eggs,potato,ketchup,jam,,,,,
ketchup,jam,banana,tomato,chips,flour,potato,pepper,,,,,,,
juice,shampoo,potato,bread,lettuce,onion,honey,soap,cream,vinegar,jam,sugar,chips,,
spices,honey,carrot,bread,salt,toothpaste,chocolate,flour,chips,coffee,,,,,
mayonnaise,cheese,cookies,eggs,beef,rice,shampoo,honey,chips,chicken,soda,oil,napkins,,
tomato,vinegar,milk,beef,eggs,flour,yogurt drink,napkins,pepper,mayonnaise,orange,soap,cream cheese,tea,sugar
juice,shampoo,chicken,oil,spices,nuts,potato,rice,water,flour,yogurt drink,honey,,,
detergent,vinegar,pepper,tomato,bread,coffee,onion,ketchup,,,,,,,
pasta,mayonnaise,grapes,bread,chocolate,cream,potato,spices,yogurt,orange,chicken,cottage cheese,jam,eggs,
water,jam,peanut butter,orange,cereal,yogurt drink,shampoo,grapes,juice,milk,mayonnaise,cream,,,
spices,tomato,milk,cream cheese,sugar,chicken,cheese,beef,cream,pepper,grapes,honey,coffee,chocolate,
beef,tea,rice,soda,peanut butter,potato,honey,mayonnaise,carrot,flour,cottage cheese,tomato,,,
toothpaste,apple,eggs,juice,orange,grapes,ketchup,vinegar,soap,bread,cottage cheese,,,,
napkins,orange,banana,juice,spices,water,oil,honey,onion,butter,tea,cottage cheese,mayonnaise,sugar,
vinegar,cookies,flour,cottage cheese,fish,carrot,milk,cream,ketchup,,,,,,
spices,apple,cookies,beef,soda,salt,vinegar,,,,,,,,
chicken,shampoo,cheese,jam,juice,oil,potato,eggs,peanut butter,cereal,,,,,
soda,coffee,cheese,chicken,chocolate,yogurt,peanut butter,pasta,fish,salt,vinegar,,,,
vinegar,honey,lettuce,oil,eggs,jam,nuts,mayonnaise,fish,chips,flour,,,,
cookies,spices,carrot,rice,peanut butter,fish,honey,detergent,cream cheese,butter,toothpaste,sugar,nuts,orange,
cottage cheese,oil,chocolate,vinegar,orange,chicken,apple,,,,,,,,
eggs,chicken,chocolate,chips,oil,,,,,,,,,,
nuts,tomato,jam,beef,cookies,soda,napkins,ketchup,,,,,,,
ketchup,tea,pasta,cheese,cream,,,,,,,,,,
banana,onion,juice,detergent,apple,carrot,shampoo,soda,,,,,,,
napkins,chocolate,cream,honey,soda,carrot,onion,beef,vinegar,tea,yogurt drink,,,,
coffee,cream,chicken,lettuce,potato,butter,onion,yogurt drink,spices,pepper,chips,juice,rice,shampoo,pasta
potato,ketchup,salt,mayonnaise,soda,peanut butter,cheese,banana,water,toothpaste,cream,chips,orange,,
butter,oil,apple,beef,onion,chips,yogurt,lettuce,cream cheese,coffee,water,pasta,shampoo,,
tea,cheese,mayonnaise,spices,apple,cookies,toothpaste,,,,,,,,
juice,detergent,lettuce,apple,grapes,onion,coffee,pepper,jam,soap,,,,,
cream cheese,potato,shampoo,eggs,yogurt,chicken,,,,,,,,,
carrot,coffee,napkins,tea,juice,bread,potato,lettuce,beef,milk,cookies,spices,,,
soda,fish,vinegar,chips,rice,shampoo,detergent,honey,juice,mayonnaise,apple,,,,
cheese,flour,banana,pasta,chips,chocolate,tea,pepper,cottage cheese,tomato,juice,cereal,onion,coffee,sugar
cream,potato,lettuce,rice,soda,peanut butter,honey,chips,cream cheese,cheese,tea,cookies,,,
beef,juice,coffee,cookies,butter,banana,nuts,toothpaste,potato,bread,apple,orange,jam,,
apple,chocolate,cottage cheese,fish,spices,cookies,bread,soda,mayonnaise,ketchup,cereal,,,,
milk,carrot,lettuce,salt,cookies,orange,grapes,soda,cream,fish,cottage cheese,butter,yogurt,,
shampoo,grapes,coffee,salt,apple,bread,beef,mayonnaise,water,,,,,,
rice,soda,mayonnaise,carrot,beef,cream,cheese,peanut butter,chips,yogurt,grapes,salt,nuts,detergent,yogurt drink
oil,cereal,carrot,yogurt,grapes,soda,soap,butter,cookies,rice,,,,,
soap,chicken,tea,napkins,fish,pepper,ketchup,nuts,vinegar,peanut butter,spices,potato,flour,pasta,milk
onion,pepper,peanut butter,apple,water,,,,,,,,,,
grapes,cereal,orange,nuts,shampoo,coffee,spices,yogurt,salt,napkins,mayonnaise,butter,milk,,
cheese,oil,cream cheese,honey,potato,jam,tomato,grapes,chips,yogurt drink,flour,vinegar,,,
eggs,salt,bread,pepper,orange,,,,,,,,,,
toothpaste,mayonnaise,chips,butter,cream cheese,juice,pepper,spices,soap,sugar,orange,,,,
spices,cookies,bread,peanut butter,soap,,,,,,,,,,
detergent,yogurt drink,vinegar,cheese,soap,orange,apple,,,,,,,,
lettuce,coffee,sugar,nuts,juice,soap,chocolate,detergent,cream cheese,tomato,spices,apple,shampoo,vinegar,jam
banana,sugar,soda,yogurt drink,potato,yogurt,milk,,,,,,,,
ketchup,chocolate,eggs,spices,onion,lettuce,beef,banana,salt,honey,toothpaste,napkins,peanut butter,detergent,cereal
rice,salt,fish,ketchup,tea,banana,,,,,,,,,
cereal,cream cheese,juice,mayonnaise,chicken,ketchup,soda,soap,flour,water,rice,carrot,yogurt,milk,nuts
potato,shampoo,toothpaste,carrot,ketchup,oil,cream cheese,,,,,,,,
ketchup,spices,chocolate,cereal,tea,,,,,,,,,,
beef,chips,juice,pasta,chicken,water,chocolate,carrot,tea,honey,cottage cheese,bread,soap,sugar,
rice,sugar,milk,ketchup,soda,beef,juice,chocolate,,,,,,,
cheese,banana,coffee,eggs,spices,fish,beef,oil,soap,,,,,,
rice,tomato,water,cream cheese,yogurt,nuts,lettuce,jam,juice,,,,,,
ketchup,napkins,tea,pepper,cottage cheese,mayonnaise,,,,,,,,,
yogurt drink,onion,water,honey,grapes,bread,chicken,,,,,,,,
carrot,pepper,oil,water,mayonnaise,chocolate,chicken,sugar,cheese,cottage cheese,,,,,
chips,peanut butter,apple,napkins,beef,yogurt drink,oil,chocolate,spices,lettuce,honey,mayonnaise,potato,,
chips,chicken,fish,orange,detergent,cookies,ketchup,cottage cheese,napkins,pasta,,,,,
vinegar,cookies,rice,potato,mayonnaise,,,,,,,,,,
potato,shampoo,flour,soda,yogurt drink,,,,,,,,,,
lettuce,napkins,coffee,milk,jam,banana,orange,mayonnaise,spices,bread,,,,,
toothpaste,spices,pepper,nuts,detergent,sugar,potato,eggs,chicken,banana,shampoo,vinegar,,,
coffee,oil,yogurt,chips,lettuce,milk,peanut butter,grapes,shampoo,jam,soda,cream cheese,sugar,chicken,fish
napkins,bread,yogurt,carrot,milk,toothpaste,cream,peanut butter,vinegar,,,,,,
pepper,cereal,carrot,cottage cheese,napkins,beef,cream cheese,banana,,,,,,,
beef,lettuce,cookies,yogurt drink,butter,banana,fish,chips,tomato,soda,cottage cheese,,,,
beef,water,soda,banana,tomato,carrot,cheese,nuts,tea,shampoo,chicken,,,,
orange,shampoo,fish,mayonnaise,potato,cookies,cottage cheese,cream cheese,yogurt drink,soap,tomato,,,,
oil,tea,pasta,tomato,milk,cottage cheese,cereal,beef,,,,,,,
pepper,cheese,milk,tomato,eggs,fish,oil,lettuce,vinegar,,,,,,
peanut butter,cream cheese,water,chocolate,sugar,grapes,salt,tea,cookies,rice,,,,,
water,chips,yogurt,mayonnaise,milk,honey,coffee,chocolate,apple,soda,,,,,
orange,soda,bread,coffee,cottage cheese,honey,water,tomato,,,,,,,
salt,cream,soda,jam,pasta,mayonnaise,cream cheese,onion,rice,yogurt,coffee,shampoo,eggs,,
vinegar,sugar,carrot,cookies,toothpaste,butter,cottage cheese,cream,bread,,,,,,
jam,lettuce,yogurt drink,banana,nuts,pasta,rice,,,,,,,,
ketchup,chips,banana,detergent,beef,lettuce,eggs,orange,,,,,,,
ketchup,beef,milk,salt,coffee,fish,oil,,,,,,,,
salt,carrot,cheese,lettuce,vinegar,flour,,,,,,,,,
carrot,spices,apple,yogurt drink,potato,vinegar,beef,toothpaste,cookies,butter,chicken,detergent,jam,,
milk,oil,potato,honey,chocolate,,,,,,,,,,
yogurt drink,lettuce,toothpaste,cookies,cheese,mayonnaise,bread,,,,,,,,
tomato,butter,peanut butter,bread,soda,banana,juice,water,soap,oil,toothpaste,cream,,,
peanut butter,chips,yogurt drink,coffee,yogurt,onion,shampoo,eggs,tomato,,,,,,
chicken,mayonnaise,cheese,water,cereal,eggs,soda,chocolate,detergent,peanut butter,shampoo,potato,,,
soap,bread,salt,fish,lettuce,cookies,tea,apple,sugar,spices,,,,,
cookies,cream cheese,shampoo,yogurt,banana,soap,carrot,grapes,,,,,,,
lettuce,rice,flour,honey,bread,cereal,oil,pasta,sugar,toothpaste,,,,,
cream cheese,butter,chips,cookies,lettuce,yogurt,yogurt drink,spices,fish,pepper,cottage cheese,bread,cheese,,
chips,pepper,eggs,fish,butter,milk,,,,,,,,,
vinegar,cheese,carrot,grapes,tea,shampoo,cottage cheese,cream,toothpaste,pasta,potato,peanut butter,nuts,yogurt drink,cream cheese
salt,chicken,lettuce,yogurt,napkins,butter,coffee,cottage cheese,pasta,soda,,,,,
pepper,butter,toothpaste,fish,peanut butter,rice,water,,,,,,,,
peanut butter,vinegar,grapes,salt,cream cheese,detergent,mayonnaise,soap,toothpaste,pepper,cereal,water,,,
coffee,chocolate,eggs,yogurt drink,milk,bread,fish,,,,,,,,
chocolate,oil,mayonnaise,water,honey,carrot,detergent,spices,,,,,,,
sugar,chocolate,jam,lettuce,soap,juice,cream,tomato,pepper,tea,,,,,
potato,shampoo,yogurt drink,sugar,yogurt,cookies,butter,salt,flour,peanut butter,cream cheese,mayonnaise,honey,oil,tomato
milk,pasta,jam,flour,carrot,beef,lettuce,yogurt drink,orange,rice,cheese,tomato,juice,ketchup,
ketchup,banana,pasta,carrot,water,oil,cereal,butter,,,,,,,
butter,cheese,spices,vinegar,grapes,carrot,cereal,salt,apple,flour,fish,juice,cream,cream cheese,
water,cereal,cookies,cottage cheese,tomato,ketchup,coffee,chips,toothpaste,yogurt drink,potato,,,,
ketchup,mayonnaise,tomato,orange,shampoo,apple,,,,,,,,,
napkins,cream cheese,cream,pasta,oil,shampoo,onion,mayonnaise,,,,,,,
chocolate,napkins,mayonnaise,flour,vinegar,tomato,chicken,grapes,ketchup,cereal,,,,,
fish,apple,sugar,cream,flour,banana,grapes,shampoo,cereal,,,,,,
jam,beef,yogurt drink,orange,juice,,,,,,,,,,
fish,soda,cookies,carrot,toothpaste,,,,,,,,,,
peanut butter,sugar,toothpaste,cottage cheese,butter,cookies,chocolate,spices,eggs,yogurt,juice,jam,chicken,vinegar,
napkins,yogurt drink,tomato,soap,potato,chicken,shampoo,rice,salt,jam,grapes,cereal,pepper,cream cheese,
ketchup,juice,chips,detergent,apple,honey,chocolate,nuts,flour,shampoo,lettuce,eggs,mayonnaise,oil,
orange,potato,apple,salt,cheese,carrot,eggs,nuts,tea,detergent,,,,,
vinegar,rice,shampoo,cottage cheese,soda,carrot,,,,,,,,,
detergent,cereal,cookies,yogurt,nuts,banana,chicken,cheese,chips,lettuce,,,,,
sugar,spices,soap,chicken,salt,rice,bread,cheese,,,,,,,
chicken,cereal,pasta,yogurt,detergent,shampoo,chips,,,,,,,,
beef,carrot,fish,banana,chips,apple,cream,pepper,nuts,detergent,,,,,
bread,eggs,toothpaste,yogurt drink,grapes,mayonnaise,butter,chicken,water,napkins,,,,,
honey,mayonnaise,bread,chocolate,yogurt drink,soda,,,,,,,,,
juice,apple,soda,pasta,tomato,fish,mayonnaise,yogurt,coffee,cream cheese,cereal,water,,,
nuts,coffee,chocolate,spices,chips,water,onion,,,,,,,,
honey,apple,cream cheese,banana,cereal,rice,pasta,,,,,,,,
soda,carrot,honey,pepper,oil,napkins,nuts,cottage cheese,toothpaste,jam,butter,coffee,beef,banana,
sugar,soda,chocolate,napkins,jam,soap,milk,fish,water,banana,butter,ketchup,,,
cheese,detergent,spices,soap,bread,peanut butter,jam,chicken,potato,coffee,oil,,,,
beef,flour,butter,eggs,chicken,banana,soap,milk,ketchup,sugar,cream,chocolate,shampoo,orange,fish
spices,vinegar,milk,onion,butter,apple,cream cheese,cookies,water,rice,yogurt,,,,
onion,butter,peanut butter,ketchup,soda,pasta,fish,cereal,juice,eggs,,,,,
rice,tomato,shampoo,salt,bread,flour,toothpaste,chicken,vinegar,fish,yogurt drink,pepper,,,
cheese,cream,nuts,jam,yogurt drink,spices,orange,cream cheese,soda,detergent,water,,,,
cream cheese,cereal,bread,vinegar,orange,tea,beef,chicken,tomato,ketchup,juice,jam,napkins,nuts,
grapes,vinegar,chips,coffee,tea,milk,napkins,,,,,,,,
nuts,cookies,juice,lettuce,orange,cream,onion,sugar,salt,water,soda,apple,chicken,spices,toothpaste
beef,bread,potato,tea,soda,yogurt drink,grapes,,,,,,,,
flour,chips,spices,carrot,cottage cheese,salt,chocolate,honey,sugar,orange,fish,nuts,grapes,,
soap,cookies,rice,salt,orange,eggs,spices,,,,,,,,
mayonnaise,water,rice,grapes,shampoo,banana,lettuce,oil,tomato,tea,yogurt drink,pasta,,,
spices,fish,chips,nuts,cream cheese,cereal,carrot,rice,cookies,onion,mayonnaise,,,,
cookies,nuts,jam,cream cheese,chocolate,grapes,cereal,orange,carrot,beef,peanut butter,soda,,,
oil,milk,yogurt,salt,tea,onion,honey,nuts,cereal,yogurt drink,butter,sugar,beef,eggs,soda
toothpaste,spices,mayonnaise,cottage cheese,water,butter,shampoo,fish,orange,chips,coffee,,,,
milk,beef,ketchup,cream,spices,mayonnaise,cookies,,,,,,,,
jam,pasta,fish,banana,milk,yogurt drink,honey,coffee,cream,potato,orange,,,,
orange,sugar,cereal,vinegar,salt,peanut butter,milk,beef,water,nuts,coffee,ketchup,juice,soap,chips
potato,butter,cookies,vinegar,mayonnaise,orange,,,,,,,,,
soap,tomato,peanut butter,rice,cottage cheese,ketchup,cream,,,,,,,,
oil,salt,soap,detergent,napkins,chicken,peanut butter,milk,banana,,,,,,
cheese,ketchup,butter,jam,cookies,honey,,,,,,,,,
toothpaste,detergent,yogurt drink,carrot,beef,honey,shampoo,rice,flour,yogurt,cream,pepper,,,
detergent,potato,onion,cream cheese,tomato,yogurt drink,jam,cookies,juice,honey,cereal,sugar,cottage cheese,bread,
toothpaste,chocolate,mayonnaise,butter,carrot,pasta,rice,potato,chicken,coffee,vinegar,cream,yogurt,oil,
carrot,detergent,honey,chips,salt,cheese,tea,bread,juice,yogurt drink,chicken,nuts,cream cheese,spices,vinegar
cottage cheese,yogurt,water,toothpaste,cereal,rice,chips,vinegar,salt,shampoo,fish,cookies,detergent,,
sugar,bread,cream,rice,jam,apple,,,,,,,,,
chicken,spices,sugar,apple,yogurt drink,carrot,,,,,,,,,
shampoo,chips,salt,lettuce,detergent,cheese,mayonnaise,tomato,nuts,chicken,orange,cottage cheese,carrot,fish,yogurt drink
vinegar,jam,milk,toothpaste,chicken,flour,pepper,coffee,ketchup,peanut butter,tomato,,,,
onion,eggs,banana,ketchup,chocolate,yogurt drink,shampoo,spices,toothpaste,cream,chips,juice,,,
yogurt drink,cream cheese,chicken,oil,shampoo,cottage cheese,,,,,,,,,
cheese,beef,soda,jam,chips,oil,orange,flour,lettuce,fish,pasta,,,,
sugar,rice,peanut butter,oil,pepper,lettuce,cereal,cookies,,,,,,,
soap,tomato,coffee,yogurt drink,bread,onion,banana,,,,,,,,
lettuce,cottage cheese,chocolate,water,ketchup,pepper,soap,pasta,cheese,spices,fish,,,,
tea,soap,cookies,cheese,oil,,,,,,,,,,
oil,soda,cottage cheese,eggs,water,toothpaste,,,,,,,,,
coffee,peanut butter,chicken,tomato,nuts,chocolate,flour,chips,sugar,yogurt drink,lettuce,,,,
jam,peanut butter,butter,salt,spices,tomato,carrot,cereal,sugar,banana,,,,,
jam,yogurt drink,pepper,carrot,nuts,cream,shampoo,napkins,juice,eggs,,,,,
honey,pasta,yogurt,onion,lettuce,ketchup,milk,sugar,,,,,,,
tea,yogurt,chocolate,yogurt drink,eggs,soap,sugar,,,,,,,,
grapes,lettuce,chocolate,mayonnaise,oil,banana,butter,coffee,pepper,cream cheese,toothpaste,carrot,chips,,
butter,beef,spices,oil,chicken,,,,,,,,,,
flour,soap,eggs,vinegar,jam,oil,peanut butter,fish,cheese,cottage cheese,sugar,yogurt,lettuce,,
lettuce,salt,sugar,honey,chocolate,detergent,banana,cottage cheese,,,,,,,
sugar,butter,carrot,chicken,rice,orange,honey,flour,cheese,oil,eggs,coffee,spices,chips,
detergent,napkins,cookies,tea,potato,cream cheese,banana,soap,coffee,milk,chocolate,onion,water,juice,
cream,apple,coffee,cream cheese,tea,cookies,banana,toothpaste,potato,,,,,,
peanut butter,potato,ketchup,yogurt,toothpaste,carrot,orange,salt,flour,,,,,,
tomato,sugar,grapes,flour,vinegar,cookies,lettuce,apple,detergent,juice,,,,,
pasta,soap,banana,carrot,apple,cookies,beef,toothpaste,peanut butter,,,,,,
vinegar,pasta,coffee,cream cheese,flour,toothpaste,,,,,,,,,
chicken,cream cheese,toothpaste,juice,soap,cream,potato,apple,butter,cereal,,,,,
lettuce,carrot,peanut butter,orange,water,grapes,yogurt,chicken,cream cheese,juice,flour,rice,,,
potato,carrot,juice,jam,spices,,,,,,,,,,
jam,fish,shampoo,sugar,yogurt,chips,beef,chocolate,nuts,peanut butter,grapes,,,,
yogurt drink,cream,peanut butter,vinegar,onion,rice,sugar,,,,,,,,
napkins,peanut butter,rice,detergent,mayonnaise,yogurt,soap,nuts,,,,,,,
potato,sugar,juice,cream cheese,toothpaste,soda,yogurt drink,,,,,,,,
eggs,tea,nuts,yogurt drink,salt,pepper,bread,,,,,,,,
soap,chips,milk,yogurt drink,nuts,jam,cream,chocolate,,,,,,,
yogurt drink,nuts,butter,oil,rice,,,,,,,,,,
pasta,flour,salt,grapes,lettuce,oil,cottage cheese,chicken,mayonnaise,yogurt,orange,shampoo,pepper,honey,chips
cookies,eggs,carrot,cream cheese,orange,fish,spices,yogurt drink,lettuce,tomato,honey,,,,
cookies,yogurt drink,grapes,lettuce,apple,flour,sugar,butter,banana,detergent,tea,beef,cheese,shampoo,
apple,salt,yogurt,banana,napkins,tea,,,,,,,,,
milk,tea,coffee,cereal,water,cream cheese,potato,vinegar,cottage cheese,bread,chicken,,,,
cream cheese,toothpaste,carrot,chips,chicken,detergent,ketchup,sugar,napkins,nuts,potato,soda,tomato,cookies,spices
rice,potato,napkins,water,onion,spices,orange,nuts,cream,tea,,,,,
grapes,peanut butter,sugar,toothpaste,salt,chocolate,beef,honey,cream cheese,juice,lettuce,coffee,,,
detergent,vinegar,spices,toothpaste,milk,cheese,cream,cereal,cookies,nuts,shampoo,onion,yogurt,butter,lettuce
eggs,detergent,chicken,cream,apple,toothpaste,soap,orange,salt,soda,,,,,
nuts,sugar,pepper,butter,eggs,cheese,fish,napkins,soda,cottage cheese,vinegar,lettuce,peanut butter,bread,
cream cheese,honey,carrot,onion,pasta,chocolate,lettuce,chicken,sugar,orange,spices,banana,shampoo,potato,eggs
vinegar,nuts,cheese,beef,chicken,eggs,banana,flour,,,,,,,
peanut butter,shampoo,yogurt drink,carrot,milk,chocolate,grapes,mayonnaise,,,,,,,
water,rice,eggs,cottage cheese,banana,juice,,,,,,,,,
spices,toothpaste,chicken,coffee,butter,beef,salt,shampoo,bread,apple,tea,cream,milk,,
beef,cheese,pepper,napkins,coffee,yogurt drink,sugar,detergent,,,,,,,
yogurt drink,chocolate,grapes,peanut butter,juice,pepper,cream cheese,soap,cottage cheese,fish,water,cream,shampoo,oil,chips
rice,yogurt drink,soda,lettuce,nuts,peanut butter,pepper,apple,sugar,orange,chicken,juice,cereal,,
cream,vinegar,banana,chicken,beef,ketchup,pasta,onion,cottage cheese,juice,yogurt drink,carrot,chips,salt,rice
fish,honey,bread,potato,cream cheese,tomato,,,,,,,,,
soap,orange,chicken,salt,cottage cheese,rice,juice,ketchup,tomato,,,,,,
bread,honey,orange,oil,fish,napkins,soap,lettuce,,,,,,,
detergent,butter,pasta,peanut butter,jam,orange,cheese,,,,,,,,
napkins,milk,pasta,chocolate,soda,cream cheese,,,,,,,,,
detergent,mayonnaise,bread,tea,yogurt,chicken,,,,,,,,,
nuts,rice,carrot,pepper,beef,toothpaste,cream,cookies,,,,,,,
apple,yogurt,butter,oil,napkins,honey,,,,,,,,,
ketchup,jam,cream cheese,nuts,tea,eggs,yogurt,,,,,,,,
detergent,peanut butter,cookies,soda,cottage cheese,salt,chips,carrot,banana,lettuce,beef,jam,tomato,,
lettuce,banana,apple,soda,cream cheese,sugar,potato,,,,,,,,
carrot,butter,tomato,jam,cheese,flour,cottage cheese,grapes,,,,,,,
cottage cheese,peanut butter,coffee,chocolate,napkins,banana,tomato,cream,chicken,,,,,,
sugar,tea,carrot,rice,banana,jam,mayonnaise,tomato,pasta,onion,yogurt,chips,cream cheese,cereal,
mayonnaise,toothpaste,butter,nuts,vinegar,sugar,chocolate,detergent,soda,,,,,,
chips,vinegar,apple,yogurt drink,pepper,grapes,nuts,cream cheese,pasta,toothpaste,honey,cookies,cottage cheese,jam,bread
cottage cheese,toothpaste,pasta,eggs,flour,,,,,,,,,,
honey,grapes,detergent,toothpaste,eggs,ketchup,water,butter,mayonnaise,oil,bread,cream cheese,,,
chips,apple,cookies,jam,soap,tea,,,,,,,,,
yogurt drink,tomato,eggs,napkins,rice,spices,chicken,flour,soda,cream,milk,fish,tea,,
butter,vinegar,jam,pasta,carrot,lettuce,cookies,nuts,,,,,,,
detergent,rice,banana,juice,coffee,lettuce,napkins,toothpaste,sugar,onion,tea,yogurt,pepper,,
chocolate,beef,ketchup,salt,sugar,jam,cream,onion,oil,flour,spices,cream cheese,orange,soda,
cookies,butter,detergent,lettuce,napkins,,,,,,,,,,
chocolate,orange,chips,chicken,eggs,potato,shampoo,apple,pepper,cereal,bread,salt,napkins,,
potato,nuts,tomato,chips,cottage cheese,water,chicken,butter,orange,jam,vinegar,cookies,beef,soda,cream
napkins,juice,grapes,potato,pepper,soap,cream cheese,salt,eggs,,,,,,
yogurt drink,butter,cottage cheese,cookies,carrot,yogurt,soap,,,,,,,,
nuts,shampoo,pepper,carrot,flour,lettuce,banana,chocolate,cream,,,,,,
grapes,lettuce,orange,rice,banana,sugar,oil,water,mayonnaise,beef,spices,butter,peanut butter,,
grapes,soda,potato,spices,soap,oil,tomato,fish,salt,yogurt,chicken,jam,cream,tea,
carrot,rice,pasta,tea,sugar,cereal,oil,banana,,,,,,,
peanut butter,ketchup,pasta,toothpaste,chocolate,,,,,,,,,,
yogurt drink,sugar,flour,cookies,onion,salt,tomato,cream cheese,orange,spices,ketchup,rice,jam,beef,mayonnaise
apple,tomato,chips,eggs,spices,potato,soap,,,,,,,,
peanut butter,apple,spices,vinegar,nuts,cookies,tea,tomato,sugar,ketchup,milk,potato,chips,pasta,
potato,salt,napkins,butter,oil,pepper,orange,mayonnaise,spices,,,,,,
chips,beef,lettuce,vinegar,milk,toothpaste,,,,,,,,,
apple,potato,cheese,detergent,cereal,banana,jam,nuts,cream,grapes,mayonnaise,yogurt drink,,,
potato,banana,mayonnaise,pepper,carrot,orange,cream,cottage cheese,coffee,bread,napkins,,,,
salt,soap,nuts,onion,detergent,yogurt drink,yogurt,soda,coffee,,,,,,
beef,pepper,soap,vinegar,yogurt,eggs,flour,honey,,,,,,,
cookies,napkins,oil,soda,cheese,mayonnaise,rice,chips,,,,,,,
soap,yogurt drink,cream cheese,potato,eggs,,,,,,,,,,
orange,bread,rice,vinegar,tea,milk,cheese,soap,fish,shampoo,salt,flour,water,,
cottage cheese,eggs,yogurt,shampoo,honey,pasta,apple,soda,vinegar,orange,fish,tomato,butter,salt,
peanut butter,tomato,juice,carrot,vinegar,pepper,tea,oil,grapes,coffee,butter,soap,honey,,
eggs,tomato,potato,chicken,orange,oil,,,,,,,,,
chocolate,milk,potato,carrot,honey,lettuce,,,,,,,,,
peanut butter,cream cheese,water,yogurt,honey,chips,,,,,,,,,
cream,beef,napkins,flour,nuts,bread,peanut butter,coffee,honey,juice,toothpaste,shampoo,spices,chocolate,
mayonnaise,nuts,orange,jam,detergent,,,,,,,,,,
beef,chips,apple,coffee,pepper,orange,banana,napkins,,,,,,,
nuts,carrot,salt,bread,beef,cream,water,toothpaste,yogurt,coffee,sugar,,,,
chicken,honey,toothpaste,peanut butter,yogurt drink,salt,spices,,,,,,,,
orange,yogurt,butter,detergent,soap,chicken,pasta,,,,,,,,
yogurt drink,tea,ketchup,rice,cheese,water,,,,,,,,,
chocolate,yogurt drink,butter,spices,rice,cookies,salt,chicken,eggs,napkins,jam,honey,nuts,,
honey,salt,grapes,mayonnaise,rice,eggs,,,,,,,,,
bread,chips,cookies,nuts,flour,jam,peanut butter,cereal,orange,mayonnaise,soda,sugar,beef,carrot,
napkins,fish,chips,pepper,cottage cheese,nuts,shampoo,milk,peanut butter,carrot,water,ketchup,,,
eggs,water,jam,tea,soda,chips,beef,tomato,pepper,lettuce,,,,,
mayonnaise,jam,apple,flour,tea,rice,cottage cheese,salt,orange,beef,lettuce,water,,,
vinegar,rice,chicken,bread,water,cookies,potato,,,,,,,,
oil,carrot,water,potato,napkins,mayonnaise,cheese,,,,,,,,
onion,rice,oil,ketchup,soap,chocolate,soda,tomato,shampoo,toothpaste,juice,beef,vinegar,,
tea,soap,onion,toothpaste,napkins,yogurt drink,honey,apple,mayonnaise,water,,,,,
oil,carrot,yogurt,cottage cheese,honey,toothpaste,tomato,cookies,yogurt drink,bread,,,,,
butter,toothpaste,lettuce,salt,cottage cheese,carrot,beef,,,,,,,,
fish,sugar,chocolate,onion,jam,,,,,,,,,,
oil,mayonnaise,chicken,water,pepper,cream,,,,,,,,,
chocolate,eggs,salt,napkins,carrot,tea,pasta,spices,mayonnaise,sugar,honey,,,,
water,apple,napkins,coffee,butter,ketchup,yogurt drink,juice,beef,orange,pepper,banana,,,
eggs,chicken,nuts,banana,water,rice,carrot,orange,cream,cottage cheese,beef,,,,
onion,oil,fish,toothpaste,soda,pepper,jam,chicken,juice,butter,vinegar,,,,
mayonnaise,napkins,water,chicken,orange,cottage cheese,cream cheese,carrot,pepper,vinegar,beef,soda,,,
beef,yogurt,chicken,cottage cheese,napkins,salt,banana,,,,,,,,
ketchup,milk,vinegar,honey,detergent,,,,,,,,,,
peanut butter,chocolate,milk,rice,lettuce,cottage cheese,potato,onion,cookies,shampoo,nuts,salt,soda,water,
toothpaste,cheese,cream cheese,salt,fish,chocolate,,,,,,,,,
peanut butter,eggs,cream,beef,oil,,,,,,,,,,
rice,chicken,pasta,shampoo,soap,eggs,fish,ketchup,jam,,,,,,
tea,butter,jam,carrot,cream,orange,yogurt,cheese,banana,cottage cheese,spices,soda,ketchup,,
cheese,fish,beef,banana,grapes,toothpaste,juice,carrot,cookies,mayonnaise,water,rice,,,
yogurt drink,chips,tomato,carrot,tea,potato,butter,water,,,,,,,
detergent,grapes,ketchup,cereal,shampoo,cream cheese,yogurt drink,,,,,,,,
juice,detergent,rice,shampoo,tomato,cottage cheese,carrot,cream cheese,soda,oil,eggs,butter,ketchup,,
tomato,cream cheese,apple,onion,bread,eggs,jam,cheese,oil,cottage cheese,grapes,,,,
peanut butter,grapes,orange,jam,soda,carrot,cereal,,,,,,,,
beef,coffee,cheese,spices,rice,,,,,,,,,,
grapes,tea,potato,spices,yogurt drink,bread,chips,peanut butter,eggs,soda,,,,,
cottage cheese,vinegar,flour,carrot,toothpaste,soda,napkins,soap,peanut butter,beef,,,,,
napkins,eggs,soda,tomato,yogurt,shampoo,cream cheese,grapes,chicken,spices,soap,chips,beef,,
nuts,detergent,banana,yogurt,sugar,,,,,,,,,,
apple,detergent,soap,toothpaste,cottage cheese,sugar,napkins,banana,eggs,flour,peanut butter,beef,pepper,carrot,tea
rice,butter,pasta,yogurt,soap,mayonnaise,carrot,grapes,cheese,eggs,apple,,,,
honey,coffee,yogurt drink,flour,eggs,juice,mayonnaise,pasta,soda,soap,nuts,milk,vinegar,,
vinegar,butter,cream,grapes,spices,detergent,toothpaste,lettuce,orange,soap,,,,,
napkins,coffee,oil,carrot,honey,potato,yogurt drink,soap,jam,tea,milk,tomato,pasta,cereal,cheese
chocolate,chicken,bread,juice,napkins,cheese,,,,,,,,,
spices,milk,napkins,soda,butter,tea,nuts,,,,,,,,
orange,rice,banana,tea,onion,sugar,,,,,,,,,
ketchup,pepper,flour,cottage cheese,mayonnaise,beef,napkins,chicken,cream cheese,orange,peanut butter,,,,
chocolate,orange,spices,pasta,vinegar,coffee,rice,butter,onion,cereal,bread,,,,
chips,butter,tomato,sugar,cream cheese,tea,pasta,grapes,nuts,cookies,honey,spices,detergent,,
sugar,potato,peanut butter,cereal,chicken,flour,carrot,yogurt drink,vinegar,soda,,,,,
sugar,pasta,grapes,oil,cheese,orange,cookies,banana,mayonnaise,onion,yogurt drink,coffee,,,
tomato,lettuce,pasta,bread,banana,vinegar,detergent,tea,butter,toothpaste,oil,napkins,chicken,,
cream cheese,tomato,chocolate,cottage cheese,salt,vinegar,napkins,,,,,,,,
chicken,rice,lettuce,cream cheese,cottage cheese,potato,sugar,tomato,oil,carrot,cream,nuts,,,
butter,napkins,ketchup,cottage cheese,rice,soda,pepper,grapes,flour,yogurt,salt,,,,
cookies,eggs,fish,juice,salt,rice,chocolate,water,cereal,nuts,,,,,
cream cheese,chicken,bread,peanut butter,sugar,salt,cereal,flour,soap,banana,orange,shampoo,spices,eggs,
pepper,beef,shampoo,cream cheese,nuts,chocolate,yogurt,grapes,,,,,,,
coffee,cereal,soda,salt,napkins,,,,,,,,,,
oil,potato,shampoo,coffee,nuts,juice,soda,cheese,pepper,peanut butter,cereal,,,,
tea,cream cheese,bread,eggs,pepper,onion,honey,mayonnaise,,,,,,,
nuts,cottage cheese,soda,pasta,salt,tea,banana,detergent,yogurt drink,,,,,,
vinegar,fish,grapes,apple,yogurt drink,jam,shampoo,toothpaste,eggs,napkins,chicken,salt,cheese,cookies,
napkins,mayonnaise,peanut butter,oil,soda,ketchup,apple,chicken,chips,fish,cereal,onion,jam,cottage cheese,pasta
fish,shampoo,toothpaste,banana,cookies,,,,,,,,,,
vinegar,peanut butter,salt,soap,potato,pasta,jam,toothpaste,tomato,,,,,,
flour,sugar,jam,orange,yogurt drink,chocolate,mayonnaise,shampoo,,,,,,,
cheese,cream cheese,banana,cereal,pepper,water,rice,tomato,,,,,,,
bread,honey,cream,cheese,napkins,,,,,,,,,,
beef,water,spices,coffee,butter,,,,,,,,,,
carrot,cookies,detergent,cheese,butter,oil,soap,ketchup,,,,,,,
spices,grapes,beef,chips,yogurt drink,apple,shampoo,orange,peanut butter,honey,salt,tomato,lettuce,,
apple,chips,ketchup,onion,cream cheese,cream,mayonnaise,grapes,tomato,coffee,cookies,pepper,,,
rice,apple,honey,flour,oil,water,,,,,,,,,
peanut butter,oil,carrot,fish,yogurt,shampoo,,,,,,,,,
soda,milk,beef,tomato,toothpaste,jam,napkins,oil,nuts,yogurt drink,,,,,
flour,sugar,tomato,coffee,banana,fish,salt,,,,,,,,
spices,pasta,potato,vinegar,cottage cheese,tea,soda,onion,oil,butter,cream cheese,mayonnaise,ketchup,rice,cream
spices,chips,fish,salt,beef,pasta,honey,juice,ketchup,,,,,,
tomato,chips,napkins,cheese,lettuce,chocolate,ketchup,soda,,,,,,,
toothpaste,onion,honey,peanut butter,napkins,yogurt drink,butter,soda,,,,,,,
tomato,sugar,cream cheese,cheese,soap,detergent,shampoo,rice,lettuce,grapes,eggs,,,,
vinegar,chicken,coffee,napkins,carrot,sugar,salt,juice,oil,milk,,,,,
napkins,pasta,carrot,tea,salt,jam,fish,,,,,,,,
oil,sugar,toothpaste,pepper,orange,cream cheese,lettuce,cream,jam,eggs,detergent,chips,,,
juice,salt,apple,pepper,milk,rice,water,toothpaste,,,,,,,
jam,honey,cereal,eggs,potato,coffee,tea,sugar,chocolate,butter,orange,mayonnaise,beef,nuts,soap
flour,pepper,orange,cream,ketchup,soap,water,tomato,honey,jam,grapes,,,,
ketchup,juice,pasta,butter,sugar,eggs,milk,cheese,,,,,,,
rice,cream,yogurt drink,tomato,cream cheese,oil,,,,,,,,,
water,ketchup,flour,shampoo,cereal,cookies,chocolate,yogurt,tomato,beef,lettuce,,,,
cream cheese,milk,potato,oil,apple,coffee,bread,sugar,honey,cookies,carrot,shampoo,,,
chips,cream,tea,rice,grapes,lettuce,,,,,,,,,
pasta,ketchup,yogurt,coffee,vinegar,honey,sugar,shampoo,flour,,,,,,
cottage cheese,rice,bread,mayonnaise,flour,napkins,cereal,yogurt drink,tomato,,,,,,
peanut butter,bread,cottage cheese,chicken,coffee,mayonnaise,flour,pasta,apple,tea,sugar,cookies,carrot,,
tea,sugar,flour,cheese,butter,,,,,,,,,,
apple,spices,cereal,butter,cheese,detergent,mayonnaise,,,,,,,,
tomato,detergent,chicken,beef,orange,rice,chips,onion,mayonnaise,coffee,salt,,,,
mayonnaise,ketchup,honey,butter,spices,cereal,chicken,lettuce,cream cheese,rice,oil,vinegar,banana,water,cream
grapes,apple,vinegar,butter,chocolate,orange,nuts,pepper,yogurt,bread,cream,rice,onion,flour,
nuts,potato,grapes,ketchup,cream,toothpaste,tea,lettuce,carrot,rice,onion,shampoo,,,
oil,pasta,fish,flour,juice,,,,,,,,,,
banana,shampoo,water,sugar,ketchup,nuts,,,,,,,,,
juice,eggs,oil,honey,coffee,carrot,cheese,spices,yogurt drink,chips,ketchup,,,,
yogurt,cream cheese,water,rice,potato,napkins,juice,ketchup,milk,cookies,beef,cream,spices,chips,detergent
sugar,detergent,mayonnaise,rice,cream,tomato,cookies,,,,,,,,
banana,soap,butter,napkins,coffee,flour,cream cheese,spices,ketchup,beef,salt,milk,cereal,,
chocolate,vinegar,milk,bread,rice,grapes,,,,,,,,,
pepper,cottage cheese,grapes,chicken,cream,ketchup,honey,,,,,,,,
tomato,bread,detergent,beef,chocolate,salt,coffee,yogurt,,,,,,,
bread,sugar,soap,rice,cream,juice,toothpaste,,,,,,,,
onion,jam,ketchup,milk,tea,mayonnaise,spices,,,,,,,,
chocolate,pepper,cottage cheese,sugar,nuts,carrot,yogurt drink,shampoo,chips,potato,cheese,tea,grapes,beef,cream cheese
yogurt drink,coffee,yogurt,chips,carrot,rice,milk,napkins,honey,soap,grapes,cereal,lettuce,,
chips,cottage cheese,vinegar,soda,water,jam,coffee,salt,cream cheese,cream,rice,spices,grapes,juice,carrot
soda,peanut butter,apple,cottage cheese,juice,chocolate,,,,,,,,,
fish,soda,cookies,cereal,toothpaste,water,,,,,,,,,
water,coffee,apple,flour,bread,sugar,banana,chicken,yogurt,,,,,,
soda,salt,spices,flour,mayonnaise,apple,pasta,fish,butter,,,,,,
tea,apple,chips,yogurt drink,sugar,flour,water,honey,,,,,,,
spices,bread,detergent,coffee,chips,,,,,,,,,,
detergent,juice,chocolate,flour,sugar,chips,lettuce,fish,cheese,soap,,,,,
nuts,cookies,yogurt,spices,apple,grapes,flour,pepper,potato,ketchup,lettuce,banana,shampoo,,
toothpaste,mayonnaise,rice,peanut butter,pasta,fish,orange,ketchup,potato,juice,cream,soap,butter,cottage cheese,vinegar
water,onion,soda,chips,apple,cookies,honey,lettuce,juice,ketchup,jam,,,,
soap,water,shampoo,onion,flour,chicken,soda,cookies,fish,oil,sugar,,,,
pasta,pepper,mayonnaise,flour,nuts,cream,tea,tomato,fish,soda,rice,oil,butter,,
tea,sugar,chicken,nuts,cottage cheese,bread,,,,,,,,,
soap,cheese,jam,toothpaste,chocolate,vinegar,butter,fish,cottage cheese,rice,,,,,
napkins,tea,nuts,cream,butter,grapes,onion,yogurt drink,soda,ketchup,potato,chocolate,,,
fish,honey,rice,tea,cookies,chocolate,mayonnaise,,,,,,,,
coffee,carrot,lettuce,cookies,eggs,cream,apple,,,,,,,,
mayonnaise,pasta,cookies,carrot,cream cheese,milk,juice,vinegar,cream,banana,fish,apple,yogurt drink,cheese,ketchup
napkins,coffee,vinegar,lettuce,bread,tomato,cookies,soap,cereal,detergent,eggs,grapes,oil,,
soap,lettuce,milk,cookies,detergent,mayonnaise,yogurt drink,water,,,,,,,
beef,carrot,peanut butter,eggs,mayonnaise,cookies,,,,,,,,,
juice,coffee,beef,bread,fish,,,,,,,,,,
soda,milk,salt,pepper,vinegar,beef,onion,,,,,,,,
flour,oil,apple,fish,chicken,jam,butter,salt,,,,,,,
coffee,cream,juice,chicken,cookies,chips,,,,,,,,,
banana,rice,beef,milk,sugar,flour,grapes,fish,spices,vinegar,oil,yogurt drink,mayonnaise,,
pepper,salt,detergent,mayonnaise,apple,cottage cheese,chicken,tea,coffee,spices,,,,,
jam,cream,tea,pepper,flour,soda,nuts,apple,tomato,salt,,,,,
honey,soap,chocolate,onion,juice,lettuce,cream,salt,cookies,fish,,,,,
juice,beef,chocolate,peanut butter,lettuce,ketchup,onion,spices,sugar,apple,soda,eggs,cereal,,
rice,coffee,chips,tea,detergent,jam,lettuce,,,,,,,,
onion,tomato,vinegar,oil,sugar,banana,cream cheese,mayonnaise,,,,,,,
cheese,peanut butter,detergent,lettuce,cereal,milk,pepper,napkins,banana,,,,,,
cream cheese,carrot,ketchup,honey,chips,juice,,,,,,,,,
ketchup,napkins,onion,pasta,soap,soda,detergent,apple,jam,potato,butter,,,,
spices,yogurt drink,banana,tomato,pepper,cereal,pasta,toothpaste,eggs,detergent,,,,,
detergent,sugar,bread,honey,banana,cheese,pasta,vinegar,yogurt drink,nuts,milk,peanut butter,orange,oil,
fish,yogurt drink,water,honey,sugar,cream cheese,oil,nuts,tomato,,,,,,
oil,spices,rice,butter,fish,yogurt drink,grapes,soda,,,,,,,
cheese,oil,rice,onion,soap,cookies,detergent,,,,,,,,
spices,peanut butter,butter,carrot,tomato,cottage cheese,,,,,,,,,
banana,toothpaste,grapes,tea,chicken,coffee,carrot,milk,cereal,bread,jam,soda,,,
ketchup,yogurt,pepper,spices,banana,cheese,vinegar,orange,cream cheese,chicken,soda,toothpaste,,,
pasta,mayonnaise,bread,butter,water,honey,flour,ketchup,rice,fish,detergent,grapes,chocolate,coffee,
toothpaste,rice,tea,jam,lettuce,spices,chocolate,juice,peanut butter,,,,,,
fish,oil,cream,yogurt drink,detergent,soda,lettuce,bread,milk,flour,yogurt,,,,
pepper,tea,oil,cheese,apple,nuts,ketchup,eggs,cottage cheese,napkins,orange,,,,
cream cheese,chicken,rice,butter,soda,peanut butter,chocolate,bread,detergent,cheese,orange,coffee,salt,vinegar,
water,pepper,soap,lettuce,soda,ketchup,potato,nuts,onion,beef,flour,grapes,honey,cottage cheese,chips
shampoo,bread,pasta,beef,cream,potato,tea,milk,eggs,spices,napkins,honey,fish,,
spices,mayonnaise,chocolate,detergent,banana,lettuce,onion,yogurt drink,rice,napkins,coffee,,,,
carrot,orange,apple,beef,jam,eggs,oil,peanut butter,shampoo,flour,,,,,
fish,chips,lettuce,salt,mayonnaise,rice,shampoo,onion,chocolate,vinegar,orange,,,,
ketchup,chips,tea,oil,nuts,lettuce,,,,,,,,,
honey,peanut butter,rice,spices,cookies,chocolate,cream cheese,apple,tomato,,,,,,
grapes,cookies,milk,pasta,flour,,,,,,,,,,
vinegar,salt,juice,toothpaste,soap,sugar,napkins,,,,,,,,
eggs,orange,cottage cheese,milk,vinegar,pasta,,,,,,,,,
tea,napkins,salt,nuts,mayonnaise,toothpaste,jam,pasta,spices,fish,butter,lettuce,rice,coffee,tomato
lettuce,beef,pasta,chicken,yogurt,chips,,,,,,,,,
coffee,lettuce,detergent,ketchup,onion,sugar,shampoo,yogurt drink,salt,honey,yogurt,cereal,chocolate,,
ketchup,bread,yogurt,grapes,toothpaste,chips,honey,cream cheese,napkins,beef,mayonnaise,juice,chicken,,
coffee,pasta,vinegar,water,pepper,juice,potato,peanut butter,detergent,eggs,spices,tomato,,,
eggs,beef,coffee,potato,spices,yogurt,vinegar,water,lettuce,carrot,nuts,flour,banana,cookies,cheese
peanut butter,cheese,carrot,spices,oil,banana,lettuce,beef,cookies,cottage cheese,cream,water,,,
nuts,vinegar,juice,soap,peanut butter,milk,water,pasta,banana,,,,,,
sugar,cookies,shampoo,flour,pepper,cheese,salt,honey,nuts,carrot,napkins,chicken,,,
eggs,tea,potato,orange,apple,fish,bread,,,,,,,,
fish,pasta,bread,milk,yogurt,honey,grapes,butter,cheese,juice,peanut butter,detergent,,,
ketchup,chips,juice,bread,shampoo,chicken,cereal,pasta,grapes,rice,cookies,carrot,orange,,
detergent,peanut butter,napkins,cheese,onion,cereal,juice,pasta,chips,chocolate,,,,,
pasta,chips,onion,salt,grapes,rice,vinegar,,,,,,,,
soda,soap,carrot,nuts,spices,cookies,beef,cereal,mayonnaise,jam,honey,toothpaste,pepper,cream cheese,
juice,yogurt,cheese,cream,soap,chicken,,,,,,,,,
cookies,potato,sugar,oil,pasta,peanut butter,juice,detergent,banana,,,,,,
chocolate,chicken,oil,yogurt,pasta,fish,mayonnaise,,,,,,,,
ketchup,honey,cream cheese,yogurt,onion,spices,,,,,,,,,
carrot,mayonnaise,cream,fish,grapes,sugar,nuts,ketchup,,,,,,,
nuts,mayonnaise,coffee,soap,lettuce,jam,,,,,,,,,
cream,orange,salt,cream cheese,yogurt drink,chicken,eggs,carrot,,,,,,,
napkins,peanut butter,orange,flour,sugar,butter,cookies,onion,bread,cream,chips,spices,yogurt,water,cottage cheese
tea,onion,yogurt drink,coffee,cottage cheese,grapes,ketchup,lettuce,sugar,pepper,oil,beef,vinegar,salt,honey
milk,vinegar,peanut butter,carrot,water,soda,yogurt drink,lettuce,cheese,napkins,,,,,
juice,butter,lettuce,soap,ketchup,shampoo,cream,detergent,rice,napkins,fish,cream cheese,jam,apple,
spices,nuts,eggs,flour,apple,sugar,mayonnaise,toothpaste,,,,,,,
orange,yogurt,soda,bread,tomato,cream cheese,cream,napkins,salt,,,,,,
beef,jam,yogurt drink,lettuce,onion,soap,mayonnaise,carrot,orange,butter,flour,nuts,,,
cereal,banana,bread,yogurt,beef,vinegar,soda,rice,cheese,water,cream,sugar,chips,,
banana,peanut butter,cottage cheese,flour,soda,bread,tea,onion,grapes,,,,,,
flour,carrot,potato,grapes,milk,oil,cookies,chicken,,,,,,,
butter,beef,cookies,carrot,cereal,nuts,soda,lettuce,,,,,,,
beef,eggs,nuts,chocolate,chips,chicken,detergent,soap,,,,,,,
soda,coffee,pasta,spices,vinegar,,,,,,,,,,
yogurt,napkins,eggs,chocolate,tea,pepper,peanut butter,,,,,,,,
fish,cream,napkins,nuts,bread,grapes,chicken,potato,yogurt drink,eggs,,,,,
peanut butter,potato,bread,detergent,tomato,soda,cream,sugar,,,,,,,
chips,coffee,mayonnaise,lettuce,oil,cookies,onion,shampoo,vinegar,,,,,,
onion,mayonnaise,nuts,butter,tea,apple,vinegar,juice,milk,coffee,banana,soap,,,
milk,spices,yogurt drink,cream cheese,detergent,yogurt,onion,chips,coffee,,,,,,
milk,water,toothpaste,cottage cheese,grapes,ketchup,nuts,fish,carrot,,,,,,
milk,cereal,coffee,beef,chips,lettuce,butter,mayonnaise,salt,cheese,,,,,
onion,tomato,pepper,orange,detergent,vinegar,pasta,cream,eggs,coffee,yogurt,honey,ketchup,,
peanut butter,coffee,detergent,water,eggs,cheese,tomato,toothpaste,juice,cream cheese,orange,nuts,beef,,
cheese,vinegar,chocolate,pasta,potato,butter,beef,yogurt,spices,water,napkins,yogurt drink,coffee,orange,flour
spices,chips,honey,mayonnaise,potato,flour,cheese,juice,orange,banana,cream cheese,vinegar,,,
yogurt,potato,mayonnaise,carrot,pepper,tomato,tea,cream,,,,,,,
spices,chocolate,shampoo,napkins,juice,honey,ketchup,,,,,,,,
honey,juice,pepper,flour,beef,shampoo,,,,,,,,,
apple,chocolate,nuts,beef,napkins,grapes,,,,,,,,,
honey,toothpaste,mayonnaise,orange,soap,pasta,,,,,,,,,
vinegar,cereal,carrot,tomato,pepper,salt,nuts,cottage cheese,soap,oil,spices,,,,
orange,cookies,juice,yogurt drink,yogurt,toothpaste,milk,grapes,oil,cheese,spices,coffee,soap,fish,
salt,potato,milk,cottage cheese,soda,fish,apple,nuts,flour,yogurt,spices,orange,pasta,coffee,
peanut butter,beef,pepper,orange,bread,jam,,,,,,,,,
butter,chocolate,potato,detergent,pepper,cereal,sugar,rice,cottage cheese,flour,milk,,,,
cottage cheese,honey,tomato,orange,chips,cheese,onion,ketchup,detergent,bread,cream,,,,
bread,carrot,vinegar,napkins,beef,tea,ketchup,grapes,apple,lettuce,coffee,banana,jam,spices,potato
pepper,cottage cheese,eggs,fish,cereal,honey,peanut butter,,,,,,,,
jam,orange,cereal,water,cookies,milk,pasta,,,,,,,,
detergent,shampoo,yogurt,peanut butter,chips,onion,carrot,spices,,,,,,,
cream,honey,tomato,nuts,oil,milk,flour,jam,salt,cereal,ketchup,yogurt,vinegar,,
fish,rice,cookies,chocolate,apple,cheese,chicken,toothpaste,ketchup,cereal,,,,,
yogurt,tea,potato,orange,lettuce,apple,cheese,eggs,,,,,,,
chicken,pasta,oil,spices,eggs,coffee,,,,,,,,,
orange,spices,soda,fish,chicken,cheese,tomato,banana,honey,cottage cheese,mayonnaise,,,,
flour,cheese,lettuce,nuts,milk,cottage cheese,cream cheese,salt,pepper,ketchup,vinegar,yogurt drink,,,
fish,oil,tea,cream cheese,soap,butter,shampoo,soda,apple,flour,,,,,
yogurt,honey,carrot,bread,chips,napkins,apple,butter,potato,cream cheese,beef,lettuce,vinegar,eggs,water
grapes,beef,flour,nuts,ketchup,cheese,cottage cheese,oil,chips,chicken,jam,detergent,cookies,,
grapes,cookies,apple,nuts,yogurt,,,,,,,,,,
cream,soda,honey,cereal,cottage cheese,,,,,,,,,,
rice,sugar,cookies,grapes,chocolate,flour,soap,,,,,,,,
cream,yogurt drink,chicken,flour,eggs,napkins,grapes,tea,peanut butter,coffee,butter,ketchup,nuts,cottage cheese,lettuce
yogurt drink,lettuce,honey,mayonnaise,shampoo,cream,beef,grapes,detergent,pasta,,,,,
ketchup,nuts,shampoo,pasta,jam,fish,oil,milk,grapes,peanut butter,cream,butter,carrot,,
chocolate,potato,jam,chicken,grapes,,,,,,,,,,
mayonnaise,honey,beef,grapes,chicken,milk,soda,napkins,tomato,jam,cottage cheese,rice,yogurt,tea,soap
spices,chicken,vinegar,grapes,ketchup,flour,peanut butter,honey,cottage cheese,,,,,,
pepper,pasta,sugar,cheese,oil,lettuce,chips,peanut butter,beef,rice,chicken,,,,
honey,onion,butter,nuts,tea,spices,chocolate,carrot,napkins,beef,rice,yogurt drink,milk,,
apple,water,oil,cream,pasta,soda,mayonnaise,,,,,,,,
coffee,yogurt,beef,banana,yogurt drink,pepper,,,,,,,,,
nuts,banana,potato,water,ketchup,chips,cheese,oil,salt,,,,,,
nuts,mayonnaise,juice,beef,orange,cream,spices,rice,apple,toothpaste,cookies,,,,
yogurt,soda,rice,yogurt drink,mayonnaise,nuts,tomato,bread,peanut butter,pepper,napkins,,,,
detergent,honey,chips,eggs,onion,nuts,yogurt,lettuce,ketchup,cottage cheese,,,,,
chicken,detergent,pasta,tea,ketchup,peanut butter,banana,carrot,coffee,honey,eggs,yogurt,cereal,,
potato,peanut butter,bread,napkins,milk,vinegar,water,coffee,nuts,pasta,,,,,
mayonnaise,tomato,potato,onion,cereal,,,,,,,,,,
chicken,juice,pepper,ketchup,napkins,,,,,,,,,,
tea,pepper,coffee,vinegar,mayonnaise,cookies,eggs,butter,toothpaste,milk,cheese,grapes,cottage cheese,soda,
tomato,potato,spices,carrot,onion,detergent,mayonnaise,water,vinegar,apple,,,,,
bread,fish,chicken,yogurt drink,beef,,,,,,,,,,
pasta,cottage cheese,pepper,fish,eggs,cream,potato,,,,,,,,
salt,cream cheese,lettuce,water,vinegar,oil,,,,,,,,,
napkins,water,peanut butter,toothpaste,cheese,chicken,yogurt drink,tea,salt,carrot,butter,pasta,,,
sugar,water,pasta,nuts,chips,salt,cereal,chocolate,jam,tea,,,,,
pasta,yogurt,onion,shampoo,toothpaste,napkins,juice,carrot,oil,spices,yogurt drink,chips,cottage cheese,cream,
milk,beef,lettuce,butter,chips,detergent,water,rice,cream,peanut butter,chicken,napkins,pasta,,
apple,detergent,spices,grapes,toothpaste,pasta,butter,nuts,ketchup,mayonnaise,peanut butter,chicken,soda,juice,
butter,milk,jam,tea,banana,cottage cheese,cereal,fish,lettuce,detergent,pasta,onion,vinegar,salt,
bread,mayonnaise,beef,orange,peanut butter,,,,,,,,,,
soap,peanut butter,yogurt drink,bread,honey,onion,sugar,carrot,lettuce,tea,shampoo,cookies,cream,,
mayonnaise,bread,pepper,cereal,fish,beef,banana,tea,toothpaste,,,,,,
butter,onion,mayonnaise,spices,banana,detergent,salt,,,,,,,,
banana,juice,bread,yogurt,cookies,oil,milk,carrot,beef,napkins,orange,jam,cottage cheese,cream,soap
nuts,milk,butter,chocolate,chicken,honey,toothpaste,chips,bread,napkins,,,,,
pepper,cottage cheese,vinegar,yogurt,fish,chicken,chocolate,pasta,,,,,,,
yogurt,banana,peanut butter,shampoo,sugar,cream,,,,,,,,,
oil,soda,orange,lettuce,apple,cereal,pepper,mayonnaise,peanut butter,,,,,,
cream cheese,salt,ketchup,orange,honey,spices,pasta,jam,beef,bread,chips,chicken,nuts,pepper,
cottage cheese,spices,yogurt,oil,cookies,chicken,chips,napkins,grapes,apple,pepper,potato,juice,soda,
napkins,mayonnaise,toothpaste,milk,pepper,peanut butter,,,,,,,,,
tea,vinegar,tomato,bread,water,sugar,yogurt,soap,cheese,mayonnaise,pasta,milk,onion,apple,
salt,napkins,ketchup,vinegar,grapes,potato,beef,onion,spices,oil,milk,soda,chicken,,
soap,orange,water,banana,milk,mayonnaise,coffee,detergent,nuts,cream,butter,apple,,,
rice,honey,cream cheese,cottage cheese,sugar,oil,toothpaste,yogurt drink,vinegar,chicken,mayonnaise,pasta,apple,,
orange,oil,nuts,grapes,tomato,eggs,chicken,flour,cereal,pepper,spices,,,,
salt,orange,detergent,cottage cheese,yogurt,onion,cream,vinegar,oil,beef,fish,,,,
nuts,pepper,peanut butter,cereal,water,toothpaste,cheese,yogurt,grapes,chocolate,coffee,bread,yogurt drink,detergent,soda
banana,peanut butter,napkins,yogurt drink,toothpaste,,,,,,,,,,
butter,honey,fish,chocolate,peanut butter,tea,yogurt drink,pepper,,,,,,,
bread,pasta,apple,cheese,sugar,,,,,,,,,,
nuts,oil,beef,spices,sugar,chocolate,rice,cheese,,,,,,,
napkins,chips,juice,carrot,milk,lettuce,onion,pasta,cereal,cream cheese,,,,,
cottage cheese,cereal,orange,coffee,eggs,milk,potato,tea,jam,salt,lettuce,soda,soap,yogurt,
salt,shampoo,cream,apple,cookies,cottage cheese,,,,,,,,,
pasta,bread,fish,oil,sugar,onion,pepper,cream,orange,carrot,mayonnaise,cottage cheese,,,
bread,yogurt,chips,eggs,honey,cottage cheese,fish,chicken,toothpaste,,,,,,
shampoo,yogurt,tomato,grapes,honey,chicken,tea,pepper,cereal,mayonnaise,onion,juice,cheese,,
banana,salt,bread,apple,flour,cottage cheese,eggs,spices,orange,potato,ketchup,pepper,,,
apple,butter,oil,honey,salt,pepper,grapes,lettuce,detergent,eggs,orange,fish,cream,shampoo,
salt,chips,rice,cottage cheese,butter,chocolate,milk,yogurt,soap,,,,,,
vinegar,nuts,shampoo,flour,napkins,pasta,milk,jam,chips,beef,cream,butter,onion,,
cream,rice,tea,grapes,chocolate,soda,pepper,water,spices,salt,orange,juice,butter,,
cookies,cottage cheese,sugar,bread,honey,,,,,,,,,,
fish,eggs,milk,tea,rice,cottage cheese,,,,,,,,,
water,cookies,cereal,cheese,tomato,mayonnaise,coffee,oil,cream,soap,chips,,,,
carrot,shampoo,apple,vinegar,nuts,honey,salt,fish,pepper,lettuce,juice,,,,
potato,lettuce,pasta,spices,cottage cheese,butter,milk,orange,soda,cream,peanut butter,mayonnaise,,,
cream,bread,pasta,apple,vinegar,cream cheese,coffee,yogurt drink,shampoo,,,,,,
tomato,carrot,fish,detergent,spices,orange,coffee,milk,butter,yogurt,mayonnaise,onion,napkins,,
soap,juice,flour,ketchup,sugar,cream,salt,yogurt drink,lettuce,,,,,,
shampoo,banana,cereal,napkins,beef,vinegar,potato,tea,chips,toothpaste,tomato,peanut butter,nuts,bread,fish
butter,cream,carrot,chips,lettuce,sugar,orange,,,,,,,,
bread,honey,nuts,rice,spices,yogurt,,,,,,,,,
ketchup,spices,banana,flour,detergent,,,,,,,,,,
butter,cereal,nuts,grapes,yogurt drink,jam,potato,chocolate,water,fish,,,,,
orange,soda,lettuce,ketchup,oil,,,,,,,,,,
eggs,milk,spices,mayonnaise,pepper,coffee,ketchup,bread,napkins,fish,water,butter,potato,banana,juice
nuts,soap,fish,pasta,tomato,chicken,,,,,,,,,
napkins,honey,shampoo,mayonnaise,beef,orange,,,,,,,,,
potato,peanut butter,pasta,ketchup,onion,cheese,banana,detergent,cookies,jam,napkins,beef,tea,cottage cheese,carrot
honey,grapes,milk,pepper,carrot,pasta,nuts,cookies,peanut butter,mayonnaise,potato,soap,orange,,
napkins,butter,coffee,cream,pasta,yogurt,honey,milk,cookies,soda,,,,,
tomato,salt,apple,beef,soap,detergent,spices,flour,lettuce,cream,,,,,
honey,yogurt,napkins,shampoo,lettuce,tea,flour,mayonnaise,water,cream cheese,cereal,chips,salt,tomato,
spices,yogurt drink,mayonnaise,soda,cream,onion,oil,milk,carrot,juice,soap,banana,apple,chicken,
apple,cream cheese,vinegar,tea,rice,toothpaste,jam,cheese,butter,mayonnaise,fish,,,,
cream,pepper,butter,bread,yogurt,toothpaste,spices,,,,,,,,
water,soda,bread,cream,orange,cheese,yogurt drink,cream cheese,nuts,detergent,,,,,
coffee,rice,tea,oil,milk,toothpaste,yogurt,onion,sugar,honey,chicken,fish,mayonnaise,,
grapes,mayonnaise,yogurt drink,lettuce,bread,cereal,soda,pasta,spices,banana,cream,onion,potato,sugar,
tea,grapes,lettuce,soda,chips,juice,apple,toothpaste,coffee,,,,,,
