tomato,banana,chicken,butter,,,,,,,,
chicken,milk,yogurt,apple,orange,sugar,butter,,,,,
chocolate,carrot,bread,sugar,,,,,,,,
cereal,milk,eggs,apple,banana,lettuce,,,,,,
chocolate,onion,grapes,potato,coffee,,,,,,,
chicken,milk,cereal,rice,apple,cookies,butter,coffee,,,,
orange,cookies,coffee,sugar,,,,,,,,
bread,cereal,potato,banana,orange,fish,butter,,,,,
cereal,tomato,banana,,,,,,,,,
grapes,chicken,cheese,sugar,,,,,,,,
milk,cereal,beef,apple,banana,sugar,,,,,,
chicken,carrot,coffee,,,,,,,,,
tomato,rice,apple,,,,,,,,,
grapes,cheese,,,,,,,,,,
milk,cereal,yogurt,apple,banana,cookies,,,,,,
onion,cheese,,,,,,,,,,
bread,yogurt,rice,beef,apple,sugar,butter,coffee,,,,
cereal,fish,apple,cheese,,,,,,,,
chocolate,yogurt,tomato,butter,coffee,,,,,,,
milk,eggs,sugar,fish,coffee,,,,,,,
chicken,bread,milk,carrot,lettuce,sugar,butter,coffee,,,,
cookies,banana,sugar,,,,,,,,,
milk,carrot,butter,bread,,,,,,,,
chicken,yogurt,onion,grapes,apple,banana,lettuce,fish,,,,
cereal,banana,cheese,cookies,,,,,,,,
tomato,yogurt,,,,,,,,,,
milk,lettuce,carrot,bread,,,,,,,,
sugar,cheese,milk,apple,cookies,potato,coffee,,,,,
chicken,bread,milk,eggs,tomato,butter,,,,,,
potato,tea,,,,,,,,,,
chicken,coffee,,,,,,,,,,
milk,yogurt,grapes,butter,,,,,,,,
banana,orange,tea,butter,coffee,,,,,,,
tomato,rice,chicken,sugar,,,,,,,,
onion,yogurt,apple,,,,,,,,,
chicken,milk,grapes,sugar,butter,,,,,,,
bread,milk,cereal,apple,butter,,,,,,,
yogurt,banana,tomato,cookies,,,,,,,,
cheese,rice,bread,sugar,,,,,,,,
cereal,tea,eggs,,,,,,,,,
chicken,bread,milk,orange,tomato,butter,,,,,,
milk,yogurt,beef,grapes,apple,orange,coffee,,,,,
onion,carrot,beef,cookies,,,,,,,,
cereal,chocolate,potato,milk,,,,,,,,
yogurt,apple,butter,,,,,,,,,
chicken,milk,yogurt,grapes,butter,,,,,,,
onion,tomato,potato,cheese,,,,,,,,
yogurt,rice,onion,bread,,,,,,,,
orange,carrot,beef,,,,,,,,,
banana,coffee,sugar,,,,,,,,,
chocolate,yogurt,apple,banana,orange,lettuce,carrot,,,,,
fish,butter,,,,,,,,,,
chocolate,bread,milk,eggs,sugar,butter,,,,,,
bread,milk,cereal,yogurt,beef,eggs,orange,butter,,,,
fish,bread,milk,rice,grapes,banana,sugar,tomato,,,,
cheese,chicken,butter,bread,,,,,,,,
chicken,bread,milk,yogurt,rice,apple,banana,tea,sugar,tomato,butter,coffee
milk,fish,cereal,cookies,,,,,,,,
beef,butter,orange,eggs,,,,,,,,
chicken,bread,milk,cereal,beef,potato,banana,sugar,tomato,coffee,,
bread,milk,apple,fish,butter,,,,,,,
milk,beef,bread,,,,,,,,,
chicken,bread,rice,potato,butter,,,,,,,
chicken,bread,milk,yogurt,onion,banana,sugar,,,,,
grapes,onion,,,,,,,,,,
milk,beef,eggs,orange,sugar,coffee,,,,,,
bread,milk,onion,apple,cookies,butter,,,,,,
bread,cheese,milk,rice,grapes,apple,coffee,,,,,
milk,yogurt,eggs,apple,banana,lettuce,sugar,butter,coffee,,,
chocolate,milk,orange,cookies,butter,,,,,,,
milk,fish,banana,,,,,,,,,
milk,grapes,apple,banana,cookies,sugar,butter,,,,,
milk,butter,banana,cookies,,,,,,,,
bread,milk,eggs,orange,potato,,,,,,,
apple,butter,lettuce,sugar,,,,,,,,
cereal,cookies,,,,,,,,,,
chicken,cheese,cereal,milk,rice,onion,beef,eggs,apple,banana,sugar,tomato
yogurt,bread,onion,cheese,,,,,,,,
orange,cookies,,,,,,,,,,
bread,yogurt,tea,butter,coffee,,,,,,,
chocolate,rice,grapes,cookies,carrot,,,,,,,
grapes,rice,apple,butter,,,,,,,,
chocolate,cheese,milk,butter,coffee,,,,,,,
milk,onion,carrot,,,,,,,,,
fish,milk,eggs,grapes,apple,potato,,,,,,
bread,cereal,milk,sugar,coffee,,,,,,,
chocolate,bread,cheese,grapes,banana,tomato,,,,,,
milk,butter,orange,eggs,,,,,,,,
onion,beef,cookies,,,,,,,,,
milk,yogurt,eggs,,,,,,,,,
chicken,bread,milk,cereal,yogurt,orange,sugar,coffee,,,,
milk,chocolate,grapes,butter,,,,,,,,
milk,chicken,tea,coffee,,,,,,,,
chocolate,banana,tomato,potato,coffee,,,,,,,
chocolate,cereal,milk,yogurt,orange,,,,,,,
chocolate,chicken,milk,yogurt,apple,orange,carrot,,,,,
bread,milk,beef,orange,sugar,coffee,,,,,,
chicken,cheese,bread,beef,sugar,butter,,,,,,
bread,milk,cereal,yogurt,fish,butter,coffee,,,,,
milk,yogurt,eggs,apple,banana,orange,tomato,butter,,,,
milk,beef,eggs,grapes,cookies,tomato,,,,,,
milk,yogurt,eggs,lettuce,butter,carrot,coffee,,,,,
grapes,beef,bread,eggs,,,,,,,,
chocolate,milk,rice,eggs,fish,coffee,,,,,,
chocolate,grapes,eggs,cookies,,,,,,,,
cheese,milk,eggs,potato,lettuce,tomato,carrot,,,,,
chocolate,bread,cheese,milk,cereal,yogurt,eggs,apple,sugar,,,
milk,beef,banana,sugar,tomato,,,,,,,
chocolate,bread,milk,onion,banana,fish,butter,,,,,
bread,cereal,yogurt,grapes,apple,,,,,,,
chicken,bread,milk,butter,coffee,,,,,,,
cereal,milk,carrot,rice,eggs,tomato,butter,coffee,,,,
milk,apple,orange,,,,,,,,,
bread,cheese,cereal,onion,banana,butter,,,,,,
chocolate,fish,chicken,bread,milk,cereal,rice,grapes,tomato,butter,,
butter,carrot,beef,,,,,,,,,
sugar,eggs,,,,,,,,,,
bread,milk,sugar,fish,butter,,,,,,,
milk,eggs,orange,potato,butter,,,,,,,
chocolate,bread,yogurt,apple,sugar,,,,,,,
chicken,rice,onion,grapes,apple,,,,,,,
fish,bread,milk,rice,grapes,tomato,,,,,,
bread,cereal,milk,yogurt,eggs,orange,tomato,butter,,,,
bread,carrot,lettuce,,,,,,,,,
bread,milk,grapes,lettuce,tomato,butter,,,,,,
chicken,rice,grapes,apple,tomato,carrot,,,,,,
fish,bread,milk,tea,tomato,butter,,,,,,
chocolate,eggs,apple,banana,orange,,,,,,,
milk,lettuce,eggs,sugar,,,,,,,,
chicken,bread,grapes,tea,tomato,,,,,,,
bread,milk,cereal,yogurt,rice,fish,,,,,,
milk,apple,banana,bread,,,,,,,,
cheese,yogurt,rice,carrot,coffee,,,,,,,
rice,onion,tea,banana,lettuce,,,,,,,
milk,grapes,tea,orange,carrot,,,,,,,
tomato,banana,coffee,,,,,,,,,
milk,yogurt,banana,tomato,butter,coffee,,,,,,
chocolate,chicken,bread,beef,apple,lettuce,,,,,,
milk,chocolate,coffee,bread,,,,,,,,
yogurt,apple,lettuce,banana,coffee,,,,,,,
onion,grapes,apple,sugar,,,,,,,,
apple,bread,sugar,,,,,,,,,
chocolate,bread,apple,tomato,butter,,,,,,,
cereal,eggs,apple,fish,carrot,,,,,,,
bread,milk,yogurt,apple,banana,sugar,tomato,,,,,
cheese,bread,rice,eggs,tea,butter,,,,,,
bread,milk,cereal,potato,orange,tomato,butter,,,,,
chocolate,bread,cheese,tea,potato,,,,,,,
onion,carrot,coffee,cookies,,,,,,,,
lettuce,potato,butter,bread,,,,,,,,
yogurt,grapes,apple,tea,tomato,,,,,,,
carrot,grapes,tea,bread,,,,,,,,
milk,yogurt,apple,cookies,tomato,butter,coffee,,,,,
milk,yogurt,,,,,,,,,,
tomato,potato,tea,,,,,,,,,
bread,milk,cereal,lettuce,orange,,,,,,,
chicken,milk,yogurt,rice,apple,banana,,,,,,
milk,cereal,onion,beef,orange,tomato,,,,,,
bread,cereal,banana,potato,carrot,,,,,,,
chocolate,bread,cheese,cookies,carrot,,,,,,,
chicken,eggs,grapes,apple,cookies,fish,,,,,,
fish,cereal,onion,apple,potato,,,,,,,
milk,cereal,yogurt,carrot,beef,eggs,cookies,butter,coffee,,,
milk,yogurt,apple,sugar,fish,,,,,,,
tea,fish,butter,lettuce,,,,,,,,
beef,orange,,,,,,,,,,
milk,bread,eggs,,,,,,,,,
sugar,eggs,,,,,,,,,,
yogurt,rice,onion,apple,tea,,,,,,,
rice,onion,lettuce,chicken,,,,,,,,
yogurt,lettuce,beef,,,,,,,,,
bread,milk,yogurt,carrot,apple,lettuce,sugar,butter,coffee,,,
grapes,rice,eggs,,,,,,,,,
tomato,onion,lettuce,,,,,,,,,
milk,chocolate,carrot,lettuce,,,,,,,,
bread,milk,rice,eggs,tea,banana,potato,butter,,,,
bread,yogurt,onion,grapes,banana,butter,,,,,,
bread,cheese,cereal,eggs,tomato,butter,,,,,,
bread,milk,yogurt,tea,lettuce,sugar,butter,coffee,,,,
grapes,onion,potato,,,,,,,,,
carrot,cheese,,,,,,,,,,
yogurt,butter,sugar,,,,,,,,,
bread,milk,yogurt,orange,tomato,butter,,,,,,
chicken,milk,cereal,beef,cookies,tomato,butter,,,,,
chocolate,milk,cereal,yogurt,eggs,tea,lettuce,butter,,,,
chicken,bread,milk,beef,banana,tomato,butter,,,,,
tea,chicken,butter,coffee,,,,,,,,
bread,cheese,milk,cereal,lettuce,cookies,fish,butter,,,,
bread,milk,rice,apple,potato,fish,carrot,coffee,,,,
fish,bread,milk,yogurt,grapes,orange,tomato,butter,,,,
milk,onion,tea,banana,lettuce,tomato,,,,,,
bread,milk,yogurt,beef,fish,,,,,,,
milk,yogurt,rice,beef,sugar,butter,coffee,,,,,
milk,yogurt,beef,eggs,potato,,,,,,,
cheese,bread,cookies,butter,coffee,,,,,,,
yogurt,rice,chicken,,,,,,,,,
chicken,yogurt,rice,carrot,potato,butter,,,,,,
chicken,cereal,milk,rice,onion,eggs,sugar,,,,,
bread,banana,butter,potato,carrot,,,,,,,
cheese,milk,beef,lettuce,cookies,,,,,,,
sugar,eggs,,,,,,,,,,
milk,tomato,lettuce,beef,,,,,,,,
onion,yogurt,apple,,,,,,,,,
cheese,rice,butter,coffee,,,,,,,,
bread,milk,rice,butter,fish,carrot,,,,,,
chocolate,chicken,bread,milk,apple,potato,carrot,,,,,
bread,milk,cereal,rice,orange,butter,,,,,,
cereal,butter,,,,,,,,,,
bread,cereal,yogurt,grapes,apple,banana,potato,,,,,
chicken,rice,grapes,apple,tea,,,,,,,
milk,tomato,butter,bread,,,,,,,,
bread,milk,eggs,fish,butter,,,,,,,
bread,milk,onion,apple,carrot,,,,,,,
cheese,bread,milk,carrot,sugar,fish,butter,coffee,,,,
chocolate,onion,orange,,,,,,,,,
cereal,chocolate,tea,lettuce,,,,,,,,
beef,eggs,,,,,,,,,,
yogurt,rice,beef,tea,lettuce,,,,,,,
milk,chocolate,banana,lettuce,,,,,,,,
chocolate,fish,cheese,milk,tomato,,,,,,,
fish,milk,tea,tomato,butter,,,,,,,
chicken,milk,cereal,onion,beef,sugar,tomato,butter,,,,
fish,chicken,cereal,apple,banana,tomato,,,,,,
bread,milk,cereal,rice,onion,lettuce,coffee,,,,,
chocolate,onion,tea,cheese,,,,,,,,
chicken,cheese,milk,yogurt,rice,grapes,apple,orange,butter,,,
bread,cheese,milk,onion,banana,tomato,,,,,,
chocolate,bread,milk,lettuce,tomato,,,,,,,
potato,tea,cookies,,,,,,,,,
chicken,bread,milk,rice,grapes,orange,sugar,carrot,,,,
chocolate,bread,milk,beef,sugar,butter,,,,,,
bread,milk,cereal,yogurt,grapes,banana,tea,sugar,butter,,,
bread,milk,cereal,yogurt,beef,apple,tea,fish,,,,
milk,carrot,bread,cookies,,,,,,,,
bread,milk,rice,banana,butter,,,,,,,
cheese,cereal,milk,onion,apple,,,,,,,
milk,yogurt,apple,sugar,butter,coffee,,,,,,
milk,rice,lettuce,orange,tomato,,,,,,,
chocolate,chicken,cheese,rice,eggs,apple,banana,,,,,
milk,potato,apple,beef,,,,,,,,
chocolate,chicken,bread,milk,beef,apple,banana,butter,,,,
bread,rice,beef,apple,banana,sugar,fish,coffee,,,,
apple,banana,sugar,potato,coffee,,,,,,,
chicken,cheese,bread,yogurt,rice,grapes,cookies,tomato,,,,
grapes,apple,chicken,,,,,,,,,
potato,sugar,,,,,,,,,,
bread,milk,eggs,banana,sugar,tomato,butter,coffee,,,,
chicken,cheese,bread,cookies,potato,,,,,,,
milk,yogurt,apple,banana,lettuce,potato,carrot,,,,,
cereal,rice,beef,eggs,lettuce,butter,,,,,,
milk,yogurt,grapes,tea,banana,sugar,tomato,,,,,
milk,cereal,coffee,eggs,,,,,,,,
cheese,milk,yogurt,orange,tomato,butter,,,,,,
bread,milk,cereal,yogurt,banana,carrot,,,,,,
chicken,cheese,milk,beef,tea,sugar,,,,,,
milk,carrot,beef,potato,butter,coffee,,,,,,
chicken,milk,yogurt,banana,butter,,,,,,,
chicken,cheese,milk,orange,potato,coffee,,,,,,
cereal,milk,lettuce,coffee,,,,,,,,
milk,yogurt,potato,coffee,,,,,,,,
bread,milk,onion,eggs,apple,,,,,,,
cheese,bread,milk,banana,fish,butter,,,,,,
chocolate,bread,onion,eggs,banana,butter,,,,,,
chicken,bread,milk,rice,beef,orange,fish,butter,coffee,,,
beef,lettuce,cookies,sugar,carrot,,,,,,,
chicken,bread,milk,yogurt,apple,lettuce,butter,,,,,
cereal,chocolate,banana,orange,,,,,,,,
milk,butter,cheese,,,,,,,,,
cereal,apple,tea,lettuce,cookies,,,,,,,
milk,onion,carrot,,,,,,,,,
onion,grapes,apple,cookies,,,,,,,,
tomato,rice,tea,eggs,,,,,,,,
milk,yogurt,carrot,onion,rice,apple,banana,butter,,,,
milk,butter,bread,cookies,,,,,,,,
milk,chicken,butter,orange,,,,,,,,
bread,cereal,lettuce,butter,carrot,coffee,,,,,,
fish,bread,cheese,milk,eggs,tomato,,,,,,
tomato,bread,eggs,,,,,,,,,
chocolate,chicken,lettuce,orange,cookies,tomato,,,,,,
chocolate,chicken,cheese,cereal,eggs,lettuce,,,,,,
milk,chicken,cheese,,,,,,,,,
cereal,eggs,apple,banana,fish,coffee,,,,,,
bread,onion,cheese,sugar,,,,,,,,
milk,grapes,sugar,,,,,,,,,
potato,fish,,,,,,,,,,
cheese,yogurt,grapes,potato,fish,,,,,,,
milk,tomato,onion,coffee,,,,,,,,
fish,chicken,milk,banana,tomato,coffee,,,,,,
yogurt,onion,apple,tea,banana,,,,,,,
grapes,tea,orange,,,,,,,,,
milk,lettuce,,,,,,,,,,
bread,milk,lettuce,potato,butter,,,,,,,
sugar,cheese,milk,grapes,apple,cookies,coffee,,,,,
chocolate,butter,banana,,,,,,,,,
grapes,potato,yogurt,banana,,,,,,,,
milk,carrot,grapes,banana,butter,,,,,,,
butter,carrot,coffee,sugar,,,,,,,,
milk,cereal,grapes,lettuce,fish,butter,,,,,,
fish,bread,milk,grapes,potato,butter,,,,,,
milk,yogurt,grapes,apple,banana,cookies,sugar,orange,tomato,,,
cheese,milk,yogurt,grapes,butter,coffee,,,,,,
chicken,bread,milk,yogurt,eggs,butter,coffee,,,,,
bread,yogurt,eggs,banana,potato,,,,,,,
bread,cereal,tea,banana,butter,carrot,,,,,,
chicken,cheese,apple,sugar,tomato,,,,,,,
potato,apple,eggs,,,,,,,,,
chocolate,cheese,beef,tomato,coffee,,,,,,,
bread,sugar,milk,carrot,cookies,fish,butter,,,,,
bread,milk,yogurt,rice,apple,banana,lettuce,tomato,coffee,,,
chicken,bread,milk,cereal,fish,carrot,,,,,,
fish,chicken,rice,onion,eggs,tomato,,,,,,
chicken,grapes,tea,lettuce,butter,,,,,,,
bread,eggs,apple,tomato,butter,,,,,,,
banana,orange,,,,,,,,,,
cereal,yogurt,apple,coffee,,,,,,,,
chocolate,rice,eggs,lettuce,carrot,,,,,,,
milk,yogurt,grapes,,,,,,,,,
chicken,milk,cereal,apple,sugar,tomato,butter,,,,,
milk,carrot,rice,fish,butter,,,,,,,
chocolate,orange,sugar,potato,carrot,,,,,,,
chocolate,yogurt,apple,banana,sugar,tomato,,,,,,
chicken,bread,cereal,milk,yogurt,beef,eggs,,,,,
yogurt,onion,grapes,lettuce,banana,coffee,,,,,,
milk,yogurt,apple,banana,orange,cookies,tomato,butter,,,,
chicken,coffee,,,,,,,,,,
cheese,bread,milk,onion,eggs,orange,sugar,,,,,
bread,milk,cereal,yogurt,grapes,banana,butter,,,,,
cereal,apple,coffee,sugar,,,,,,,,
apple,carrot,chicken,,,,,,,,,
bread,milk,yogurt,sugar,potato,,,,,,,
milk,tomato,butter,eggs,,,,,,,,
milk,rice,lettuce,sugar,fish,carrot,,,,,,
chicken,bread,milk,lettuce,butter,,,,,,,
milk,onion,cookies,sugar,,,,,,,,
milk,cereal,yogurt,eggs,sugar,fish,butter,,,,,
bread,milk,cereal,yogurt,banana,butter,coffee,,,,,
milk,yogurt,rice,sugar,coffee,,,,,,,
potato,chicken,carrot,bread,,,,,,,,
chicken,bread,milk,eggs,tea,butter,carrot,,,,,
milk,cereal,eggs,potato,tea,fish,butter,coffee,,,,
bread,milk,cereal,grapes,apple,orange,tomato,carrot,,,,
milk,yogurt,onion,,,,,,,,,
cereal,chocolate,butter,orange,,,,,,,,
chicken,cheese,cereal,milk,eggs,tomato,,,,,,
milk,yogurt,carrot,apple,fish,butter,,,,,,
cereal,bread,,,,,,,,,,
chocolate,bread,milk,yogurt,tea,orange,sugar,tomato,,,,
onion,lettuce,,,,,,,,,,
grapes,potato,cheese,,,,,,,,,
chocolate,coffee,orange,,,,,,,,,
bread,milk,rice,banana,sugar,butter,,,,,,
bread,milk,yogurt,sugar,butter,coffee,,,,,,
bread,milk,yogurt,grapes,banana,tomato,butter,,,,,
beef,apple,banana,orange,butter,,,,,,,
fish,bread,rice,tea,tomato,butter,,,,,,
tea,rice,onion,banana,,,,,,,,
bread,cheese,cereal,milk,onion,eggs,butter,,,,,
milk,apple,butter,bread,,,,,,,,
rice,eggs,tea,sugar,tomato,,,,,,,
apple,banana,potato,sugar,tomato,carrot,,,,,,
milk,lettuce,bread,cookies,,,,,,,,
milk,carrot,beef,apple,banana,fish,butter,coffee,,,,
chocolate,grapes,lettuce,cookies,butter,,,,,,,
chicken,cheese,milk,yogurt,rice,onion,apple,banana,,,,
yogurt,potato,butter,bread,,,,,,,,
tomato,butter,beef,sugar,,,,,,,,
cereal,carrot,butter,cheese,,,,,,,,
milk,tea,butter,cheese,,,,,,,,
chicken,bread,tea,tomato,butter,,,,,,,
milk,yogurt,eggs,apple,tea,banana,orange,tomato,,,,
bread,rice,grapes,banana,cookies,,,,,,,
chicken,yogurt,rice,onion,apple,banana,cookies,,,,,
milk,chocolate,bread,eggs,,,,,,,,
yogurt,rice,beef,banana,potato,carrot,,,,,,
milk,coffee,,,,,,,,,,
bread,rice,tea,orange,cookies,butter,coffee,,,,,
milk,lettuce,sugar,fish,butter,coffee,,,,,,
tomato,banana,lettuce,orange,,,,,,,,
chocolate,bread,milk,yogurt,rice,apple,,,,,,
yogurt,onion,eggs,grapes,apple,,,,,,,
bread,carrot,rice,grapes,apple,potato,tomato,butter,coffee,,,
chicken,bread,milk,cereal,rice,butter,,,,,,
bread,milk,banana,tea,coffee,,,,,,,
cereal,banana,sugar,tomato,coffee,,,,,,,
fish,rice,eggs,,,,,,,,,
cheese,milk,beef,orange,sugar,butter,,,,,,
bread,cheese,milk,rice,eggs,cookies,butter,,,,,
fish,apple,banana,potato,,,,,,,,
yogurt,apple,banana,cookies,coffee,,,,,,,
cereal,milk,rice,beef,eggs,apple,coffee,,,,,
bread,milk,yogurt,eggs,tomato,butter,coffee,,,,,
bread,milk,yogurt,rice,eggs,butter,,,,,,
yogurt,chicken,banana,orange,,,,,,,,
butter,tea,,,,,,,,,,
bread,cheese,yogurt,grapes,apple,sugar,potato,coffee,,,,
fish,chicken,bread,cereal,tomato,butter,,,,,,
yogurt,chicken,cheese,orange,,,,,,,,
cheese,cereal,yogurt,onion,tea,sugar,coffee,,,,,
bread,cheese,milk,cereal,yogurt,eggs,banana,fish,butter,,,
onion,orange,,,,,,,,,,
chocolate,beef,eggs,lettuce,butter,,,,,,,
bread,cereal,yogurt,banana,cookies,,,,,,,
bread,milk,onion,eggs,banana,sugar,carrot,,,,,
chocolate,rice,beef,tea,cookies,tomato,,,,,,
bread,milk,cereal,eggs,cookies,,,,,,,
yogurt,apple,,,,,,,,,,
chicken,cheese,milk,banana,butter,carrot,,,,,,
bread,yogurt,rice,apple,banana,,,,,,,
chicken,bread,cheese,milk,sugar,coffee,,,,,,
milk,onion,beef,banana,carrot,,,,,,,
apple,butter,,,,,,,,,,
bread,cereal,eggs,apple,tomato,potato,,,,,,
chicken,bread,milk,cereal,cookies,butter,coffee,,,,,
milk,rice,beef,sugar,tomato,,,,,,,
bread,milk,cereal,rice,lettuce,coffee,,,,,,
milk,rice,apple,coffee,,,,,,,,
grapes,tomato,rice,cookies,,,,,,,,
bread,milk,yogurt,onion,apple,carrot,,,,,,
apple,chicken,coffee,,,,,,,,,
fish,coffee,sugar,,,,,,,,,
chocolate,potato,rice,sugar,,,,,,,,
grapes,apple,tomato,,,,,,,,,
chicken,cheese,bread,yogurt,rice,butter,,,,,,
fish,banana,,,,,,,,,,
bread,milk,cereal,yogurt,beef,sugar,,,,,,
bread,milk,orange,sugar,tomato,coffee,,,,,,
milk,yogurt,rice,grapes,apple,banana,,,,,,
cereal,coffee,eggs,,,,,,,,,
chocolate,chicken,milk,sugar,,,,,,,,
milk,carrot,rice,onion,apple,banana,cookies,sugar,tea,butter,,
chicken,cereal,onion,grapes,banana,tomato,,,,,,
cheese,milk,cereal,butter,coffee,,,,,,,
bread,milk,cereal,yogurt,cookies,tea,sugar,butter,coffee,,,
chocolate,bread,onion,sugar,tomato,coffee,,,,,,
chocolate,cheese,eggs,lettuce,coffee,,,,,,,
yogurt,rice,apple,banana,cookies,,,,,,,
potato,orange,,,,,,,,,,
chicken,bread,milk,rice,eggs,lettuce,tomato,butter,,,,
bread,milk,eggs,lettuce,butter,,,,,,,
cheese,milk,onion,tea,lettuce,,,,,,,
bread,cereal,milk,yogurt,butter,,,,,,,
chicken,milk,rice,banana,butter,coffee,,,,,,
milk,eggs,grapes,potato,coffee,,,,,,,
milk,onion,tea,,,,,,,,,
chicken,carrot,,,,,,,,,,
bread,yogurt,onion,eggs,potato,,,,,,,
chocolate,chicken,milk,yogurt,rice,beef,apple,banana,orange,butter,,
milk,yogurt,eggs,orange,potato,butter,,,,,,
yogurt,orange,,,,,,,,,,
bread,milk,beef,tea,tomato,,,,,,,
chocolate,bread,milk,tea,banana,cookies,butter,,,,,
onion,butter,orange,eggs,,,,,,,,
bread,milk,beef,grapes,tea,orange,fish,,,,,
milk,onion,banana,,,,,,,,,
sugar,bread,carrot,apple,banana,cookies,butter,,,,,
chicken,cheese,milk,cereal,rice,,,,,,,
milk,eggs,lettuce,tomato,coffee,,,,,,,
chicken,cereal,yogurt,banana,fish,coffee,,,,,,
chocolate,milk,cereal,apple,orange,coffee,,,,,,
chocolate,bread,milk,cereal,onion,eggs,potato,butter,,,,
chicken,milk,rice,beef,eggs,lettuce,tomato,butter,,,,
milk,onion,eggs,sugar,butter,,,,,,,
bread,eggs,tea,butter,coffee,,,,,,,
milk,onion,,,,,,,,,,
chocolate,cereal,milk,yogurt,eggs,apple,banana,sugar,carrot,coffee,,
potato,apple,,,,,,,,,,
milk,apple,banana,sugar,tomato,butter,,,,,,
potato,chicken,cookies,,,,,,,,,
milk,yogurt,apple,tea,banana,sugar,orange,,,,,
milk,rice,apple,eggs,,,,,,,,
chicken,eggs,tomato,fish,coffee,,,,,,,
milk,yogurt,eggs,apple,orange,sugar,coffee,,,,,
milk,grapes,banana,cookies,carrot,,,,,,,
bread,milk,carrot,apple,orange,butter,,,,,,
milk,chocolate,bread,,,,,,,,,
milk,onion,apple,sugar,butter,coffee,,,,,,
coffee,cookies,bread,eggs,,,,,,,,
yogurt,cheese,sugar,,,,,,,,,
cheese,milk,tea,banana,butter,,,,,,,
rice,grapes,orange,cookies,fish,,,,,,,
cereal,yogurt,beef,apple,banana,potato,,,,,,
grapes,coffee,,,,,,,,,,
chocolate,bread,milk,lettuce,butter,,,,,,,
chicken,bread,yogurt,eggs,apple,cookies,sugar,coffee,,,,
fish,carrot,bread,,,,,,,,,
bread,milk,yogurt,beef,coffee,,,,,,,
chicken,rice,grapes,fish,carrot,,,,,,,
bread,cheese,milk,yogurt,lettuce,banana,butter,,,,,
fish,banana,eggs,,,,,,,,,
yogurt,butter,coffee,eggs,,,,,,,,
rice,apple,butter,bread,,,,,,,,
carrot,grapes,lettuce,bread,,,,,,,,
chocolate,milk,beef,tea,butter,,,,,,,
potato,beef,eggs,,,,,,,,,
milk,fish,butter,cookies,,,,,,,,
chicken,rice,onion,banana,potato,coffee,,,,,,
lettuce,orange,butter,coffee,,,,,,,,
milk,apple,butter,bread,,,,,,,,
chocolate,bread,cereal,milk,yogurt,onion,apple,banana,sugar,potato,butter,
chicken,bread,milk,rice,beef,grapes,lettuce,tomato,,,,
bread,milk,cereal,yogurt,banana,lettuce,potato,,,,,
bread,cheese,milk,banana,sugar,butter,,,,,,
chocolate,bread,cheese,milk,cereal,apple,banana,cookies,,,,
milk,rice,banana,tea,,,,,,,,
potato,fish,,,,,,,,,,
chicken,bread,milk,eggs,apple,banana,cookies,potato,butter,,,
grapes,carrot,butter,bread,,,,,,,,
yogurt,banana,cookies,eggs,,,,,,,,
cereal,onion,eggs,potato,carrot,,,,,,,
cookies,butter,bread,sugar,,,,,,,,
milk,cereal,butter,bread,,,,,,,,
chicken,bread,rice,apple,fish,coffee,,,,,,
milk,apple,tea,orange,,,,,,,,
chicken,cheese,bread,rice,onion,beef,butter,,,,,
chocolate,cereal,tea,,,,,,,,,
yogurt,coffee,beef,cookies,,,,,,,,
rice,orange,,,,,,,,,,
chocolate,cheese,eggs,banana,sugar,fish,coffee,,,,,
chocolate,fish,potato,,,,,,,,,
chocolate,bread,cereal,milk,eggs,cookies,butter,,,,,
chocolate,cheese,bread,beef,banana,fish,butter,,,,,
chicken,milk,yogurt,rice,eggs,banana,cookies,tomato,potato,,,
milk,fish,lettuce,cookies,,,,,,,,
chocolate,bread,milk,butter,carrot,,,,,,,
chicken,yogurt,rice,eggs,apple,,,,,,,
carrot,tea,beef,,,,,,,,,
milk,chocolate,fish,coffee,,,,,,,,
cheese,milk,grapes,apple,banana,orange,tomato,butter,,,,
yogurt,apple,banana,cookies,sugar,tea,coffee,,,,,
bread,milk,apple,banana,tomato,butter,coffee,,,,,
chocolate,milk,yogurt,banana,sugar,butter,coffee,,,,,
bread,milk,grapes,butter,carrot,,,,,,,
fish,apple,banana,beef,,,,,,,,
cheese,yogurt,butter,bread,,,,,,,,
bread,cereal,onion,eggs,apple,lettuce,sugar,carrot,coffee,,,
bread,cheese,milk,apple,lettuce,butter,,,,,,
cereal,onion,orange,cookies,tomato,,,,,,,
milk,cereal,rice,grapes,tea,,,,,,,
milk,lettuce,coffee,,,,,,,,,
bread,milk,yogurt,eggs,orange,cookies,tomato,,,,,
yogurt,banana,,,,,,,,,,
tomato,apple,carrot,sugar,,,,,,,,
milk,onion,banana,lettuce,sugar,potato,butter,,,,,
chocolate,bread,cheese,onion,apple,butter,carrot,,,,,
chicken,milk,yogurt,rice,apple,banana,sugar,tomato,,,,
potato,tea,orange,eggs,,,,,,,,
beef,eggs,apple,banana,orange,,,,,,,
chocolate,bread,milk,apple,banana,lettuce,,,,,,
chocolate,apple,butter,bread,,,,,,,,
chicken,rice,apple,banana,sugar,,,,,,,
bread,milk,onion,grapes,orange,,,,,,,
cereal,yogurt,rice,sugar,potato,carrot,,,,,,
bread,milk,carrot,rice,onion,butter,,,,,,
bread,milk,cereal,yogurt,onion,lettuce,,,,,,
chocolate,chicken,milk,cereal,yogurt,apple,sugar,,,,,
yogurt,beef,cheese,,,,,,,,,
cheese,milk,yogurt,banana,potato,butter,,,,,,
bread,milk,carrot,yogurt,eggs,grapes,banana,butter,,,,
cheese,eggs,orange,cookies,fish,,,,,,,
chicken,cheese,bread,yogurt,apple,banana,orange,tomato,,,,
milk,tomato,cereal,apple,,,,,,,,
milk,cereal,yogurt,rice,onion,,,,,,,
chocolate,fish,chicken,bread,tomato,,,,,,,
milk,eggs,grapes,banana,sugar,butter,,,,,,
milk,yogurt,lettuce,beef,,,,,,,,
bread,milk,banana,fish,butter,coffee,,,,,,
bread,milk,rice,orange,fish,,,,,,,
fish,yogurt,tea,coffee,,,,,,,,
bread,milk,rice,banana,orange,,,,,,,
cheese,milk,cereal,tea,banana,lettuce,,,,,,
milk,sugar,eggs,,,,,,,,,
milk,grapes,rice,eggs,,,,,,,,
chocolate,chicken,bread,eggs,sugar,tomato,butter,coffee,,,,
chicken,bread,onion,eggs,tea,lettuce,,,,,,
cereal,butter,carrot,orange,,,,,,,,
yogurt,carrot,,,,,,,,,,
grapes,yogurt,,,,,,,,,,
bread,milk,apple,orange,sugar,,,,,,,
cereal,banana,coffee,eggs,,,,,,,,
fish,chicken,banana,cookies,,,,,,,,
bread,grapes,banana,cookies,butter,coffee,,,,,,
cereal,beef,,,,,,,,,,
grapes,rice,,,,,,,,,,
bread,milk,yogurt,beef,apple,orange,butter,,,,,
chocolate,onion,eggs,apple,banana,orange,potato,,,,,
chocolate,milk,yogurt,rice,banana,,,,,,,
cereal,eggs,apple,banana,coffee,,,,,,,
chocolate,fish,bread,milk,orange,potato,butter,,,,,
chocolate,milk,eggs,tea,tomato,butter,,,,,,
cereal,milk,eggs,apple,banana,sugar,,,,,,
cheese,cereal,grapes,cookies,sugar,,,,,,,
bread,milk,onion,apple,sugar,butter,,,,,,
bread,cheese,milk,cereal,beef,banana,,,,,,
yogurt,apple,carrot,beef,,,,,,,,
chocolate,yogurt,beef,eggs,orange,cookies,butter,,,,,
fish,apple,banana,,,,,,,,,
onion,tomato,chicken,coffee,,,,,,,,
bread,cereal,banana,cookies,coffee,,,,,,,
bread,cheese,milk,beef,apple,butter,coffee,,,,,
cereal,apple,lettuce,fish,coffee,,,,,,,
bread,milk,tea,banana,butter,,,,,,,
cereal,apple,tea,,,,,,,,,
grapes,apple,tea,bread,,,,,,,,
grapes,cheese,eggs,,,,,,,,,
tomato,chicken,lettuce,eggs,,,,,,,,
eggs,yogurt,coffee,sugar,,,,,,,,
cheese,tomato,beef,,,,,,,,,
chocolate,bread,milk,yogurt,apple,potato,,,,,,
chocolate,milk,grapes,orange,butter,,,,,,,
beef,apple,tea,orange,coffee,,,,,,,
cheese,cereal,milk,yogurt,sugar,fish,butter,,,,,
beef,yogurt,cheese,,,,,,,,,
chocolate,milk,cereal,onion,sugar,coffee,,,,,,
milk,beef,eggs,grapes,apple,butter,carrot,,,,,
milk,rice,,,,,,,,,,
milk,apple,bread,cheese,,,,,,,,
bread,milk,cereal,rice,butter,carrot,,,,,,
chicken,cereal,beef,apple,lettuce,coffee,,,,,,
chocolate,cheese,yogurt,rice,butter,,,,,,,
chocolate,chicken,yogurt,apple,tea,butter,,,,,,
bread,cheese,milk,yogurt,potato,banana,orange,lettuce,tomato,butter,coffee,
chicken,beef,apple,banana,tomato,,,,,,,
milk,rice,apple,banana,sugar,butter,coffee,,,,,
cereal,milk,rice,eggs,cookies,sugar,tomato,butter,,,,
milk,carrot,banana,cheese,,,,,,,,
fish,coffee,sugar,,,,,,,,,
chocolate,cheese,beef,banana,tomato,coffee,,,,,,
chicken,milk,grapes,fish,butter,,,,,,,
apple,butter,bread,sugar,,,,,,,,
cereal,chicken,tea,,,,,,,,,
cereal,beef,cheese,,,,,,,,,
chicken,bread,milk,yogurt,eggs,grapes,banana,tea,carrot,,,
bread,milk,rice,lettuce,coffee,,,,,,,
bread,milk,rice,onion,butter,,,,,,,
chicken,bread,cheese,milk,yogurt,apple,potato,butter,,,,
chocolate,milk,tea,banana,sugar,butter,,,,,,
apple,tea,,,,,,,,,,
yogurt,banana,bread,eggs,,,,,,,,
chicken,bread,eggs,apple,cookies,,,,,,,
rice,grapes,tea,tomato,carrot,,,,,,,
apple,chicken,orange,,,,,,,,,
chicken,bread,milk,yogurt,carrot,beef,potato,sugar,tomato,butter,,
cereal,tomato,eggs,,,,,,,,,
cereal,yogurt,eggs,tea,sugar,potato,,,,,,
bread,eggs,apple,banana,tea,lettuce,butter,,,,,
chocolate,fish,,,,,,,,,,
chicken,lettuce,eggs,cookies,,,,,,,,
milk,banana,,,,,,,,,,
bread,rice,eggs,potato,tomato,butter,coffee,,,,,
cereal,onion,eggs,apple,banana,potato,,,,,,
chicken,bread,milk,cereal,butter,,,,,,,
bread,milk,cereal,tea,cookies,,,,,,,
milk,tea,sugar,fish,coffee,,,,,,,
bread,apple,banana,butter,coffee,,,,,,,
bread,rice,cookies,butter,coffee,,,,,,,
chocolate,tomato,rice,,,,,,,,,
bread,milk,rice,eggs,orange,carrot,,,,,,
coffee,sugar,,,,,,,,,,
carrot,potato,lettuce,sugar,,,,,,,,
butter,potato,lettuce,,,,,,,,,
chicken,bread,milk,apple,banana,butter,,,,,,
bread,cereal,beef,eggs,sugar,tomato,butter,,,,,
chocolate,bread,cereal,milk,eggs,apple,sugar,tomato,,,,
cereal,yogurt,banana,lettuce,sugar,butter,,,,,,
cereal,milk,chicken,orange,,,,,,,,
milk,cereal,coffee,cheese,,,,,,,,
rice,eggs,,,,,,,,,,
chicken,bread,milk,butter,carrot,,,,,,,
milk,yogurt,grapes,orange,,,,,,,,
cereal,yogurt,bread,sugar,,,,,,,,
chocolate,milk,yogurt,eggs,banana,carrot,,,,,,
chicken,bread,milk,onion,apple,banana,potato,coffee,,,,
chocolate,yogurt,rice,beef,apple,tomato,,,,,,
bread,milk,onion,lettuce,coffee,,,,,,,
sugar,potato,tomato,eggs,,,,,,,,
bread,milk,beef,cookies,potato,butter,,,,,,
yogurt,onion,cookies,,,,,,,,,
bread,onion,chicken,beef,,,,,,,,
chocolate,bread,onion,banana,tomato,,,,,,,
fish,banana,,,,,,,,,,
chocolate,bread,milk,eggs,lettuce,cookies,butter,,,,,
carrot,apple,tea,tomato,butter,,,,,,,
carrot,beef,,,,,,,,,,
bread,cheese,milk,cereal,grapes,butter,,,,,,
bread,milk,cereal,eggs,apple,lettuce,,,,,,
bread,yogurt,rice,onion,cookies,butter,,,,,,
bread,milk,cereal,rice,beef,eggs,tea,butter,,,,
lettuce,orange,butter,bread,,,,,,,,
cereal,milk,beef,eggs,tomato,coffee,,,,,,
chicken,bread,cereal,onion,eggs,apple,,,,,,
chicken,bread,grapes,lettuce,potato,,,,,,,
bread,cheese,milk,rice,butter,,,,,,,
grapes,banana,butter,bread,,,,,,,,
cereal,carrot,butter,bread,,,,,,,,
apple,butter,,,,,,,,,,
bread,milk,yogurt,carrot,rice,banana,fish,butter,coffee,,,
bread,milk,rice,banana,butter,coffee,,,,,,
beef,grapes,lettuce,sugar,butter,,,,,,,
bread,grapes,banana,butter,tomato,carrot,,,,,,
milk,potato,banana,eggs,,,,,,,,
milk,yogurt,rice,grapes,apple,banana,,,,,,
butter,cheese,,,,,,,,,,
cereal,tomato,sugar,,,,,,,,,
sugar,bread,milk,eggs,apple,banana,cookies,butter,,,,
milk,rice,apple,banana,potato,coffee,,,,,,
grapes,apple,banana,eggs,,,,,,,,
bread,milk,onion,eggs,apple,banana,sugar,carrot,coffee,,,
milk,sugar,,,,,,,,,,
beef,bread,potato,coffee,,,,,,,,
yogurt,onion,apple,tea,sugar,,,,,,,
milk,yogurt,rice,eggs,potato,butter,,,,,,
tea,tomato,carrot,orange,,,,,,,,
bread,cheese,cereal,tea,banana,sugar,butter,,,,,
yogurt,apple,lettuce,cookies,fish,butter,,,,,,
chocolate,cheese,banana,cookies,butter,,,,,,,
bread,cheese,yogurt,rice,banana,orange,potato,,,,,
milk,banana,coffee,eggs,,,,,,,,
coffee,chicken,eggs,cookies,,,,,,,,
chocolate,potato,cereal,,,,,,,,,
milk,yogurt,rice,banana,sugar,carrot,coffee,,,,,
grapes,fish,lettuce,,,,,,,,,
bread,milk,yogurt,apple,lettuce,tomato,,,,,,
chocolate,bread,milk,apple,tea,orange,,,,,,
eggs,banana,sugar,carrot,coffee,,,,,,,
lettuce,yogurt,butter,bread,,,,,,,,
milk,yogurt,carrot,beef,tea,banana,butter,coffee,,,,
milk,beef,butter,bread,,,,,,,,
chicken,yogurt,eggs,grapes,apple,banana,lettuce,cookies,,,,
milk,potato,cereal,bread,,,,,,,,
cheese,rice,apple,lettuce,coffee,,,,,,,
rice,beef,lettuce,orange,tomato,,,,,,,
tomato,orange,bread,,,,,,,,,
cheese,orange,butter,bread,,,,,,,,
fish,onion,apple,sugar,,,,,,,,
bread,milk,grapes,banana,orange,tomato,butter,,,,,
chicken,bread,milk,yogurt,orange,butter,,,,,,
bread,yogurt,apple,potato,fish,,,,,,,
chocolate,bread,milk,cereal,yogurt,eggs,apple,lettuce,,,,
chicken,cereal,milk,yogurt,rice,eggs,tomato,coffee,,,,
yogurt,apple,orange,cookies,,,,,,,,
cheese,milk,cereal,yogurt,beef,eggs,sugar,butter,coffee,,,
grapes,fish,onion,cheese,,,,,,,,
bread,beef,grapes,lettuce,banana,orange,coffee,,,,,
milk,coffee,butter,bread,,,,,,,,
chicken,bread,yogurt,carrot,banana,fish,butter,,,,,
sugar,cereal,yogurt,rice,apple,cookies,tomato,,,,,
bread,milk,apple,banana,coffee,,,,,,,
chocolate,onion,beef,banana,butter,,,,,,,
milk,chocolate,lettuce,coffee,,,,,,,,
cereal,carrot,butter,eggs,,,,,,,,
yogurt,onion,grapes,apple,banana,carrot,coffee,,,,,
chocolate,bread,milk,onion,tea,sugar,butter,,,,,
chicken,bread,milk,onion,apple,,,,,,,
rice,onion,orange,cookies,,,,,,,,
yogurt,rice,eggs,tomato,butter,,,,,,,
cereal,butter,,,,,,,,,,
tomato,lettuce,,,,,,,,,,
cereal,butter,eggs,,,,,,,,,
chicken,bread,cheese,milk,tea,sugar,coffee,,,,,
bread,cheese,milk,apple,banana,lettuce,fish,,,,,
milk,yogurt,bread,,,,,,,,,
rice,butter,eggs,,,,,,,,,
chocolate,potato,tea,sugar,tomato,butter,coffee,,,,,
chicken,yogurt,eggs,grapes,apple,orange,potato,,,,,
milk,cereal,banana,orange,sugar,potato,butter,,,,,
chocolate,cheese,milk,apple,banana,coffee,,,,,,
milk,onion,,,,,,,,,,
yogurt,beef,eggs,banana,fish,,,,,,,
grapes,carrot,cookies,,,,,,,,,
sugar,beef,cookies,potato,carrot,coffee,,,,,,
bread,milk,yogurt,grapes,orange,cookies,potato,butter,,,,
chicken,bread,milk,lettuce,butter,coffee,,,,,,
rice,grapes,apple,banana,potato,lettuce,tomato,,,,,
chocolate,bread,cheese,milk,cereal,,,,,,,
fish,rice,orange,,,,,,,,,
bread,cereal,rice,sugar,tomato,butter,,,,,,
chocolate,milk,banana,sugar,tomato,coffee,,,,,,
chocolate,chicken,milk,eggs,apple,tea,banana,coffee,,,,
beef,butter,lettuce,,,,,,,,,
chicken,yogurt,banana,orange,lettuce,tomato,,,,,,
chocolate,cheese,milk,carrot,rice,butter,,,,,,
bread,potato,tea,tomato,butter,coffee,,,,,,
cereal,yogurt,rice,butter,,,,,,,,
bread,milk,eggs,potato,fish,,,,,,,
onion,grapes,apple,potato,coffee,,,,,,,
cheese,rice,apple,banana,sugar,,,,,,,
cereal,carrot,lettuce,,,,,,,,,
bread,milk,yogurt,rice,onion,butter,,,,,,
onion,chicken,orange,,,,,,,,,
milk,yogurt,rice,,,,,,,,,
cereal,yogurt,eggs,sugar,fish,,,,,,,
cheese,sugar,,,,,,,,,,
chocolate,tomato,yogurt,,,,,,,,,
orange,bread,,,,,,,,,,
bread,milk,banana,lettuce,butter,,,,,,,
chocolate,yogurt,beef,grapes,tea,,,,,,,
cereal,onion,grapes,banana,coffee,,,,,,,
apple,butter,bread,,,,,,,,,
fish,lettuce,coffee,,,,,,,,,
chocolate,chicken,milk,cereal,lettuce,orange,butter,,,,,
tomato,lettuce,,,,,,,,,,
milk,eggs,tea,fish,butter,coffee,,,,,,
chicken,rice,onion,grapes,tomato,,,,,,,
chicken,banana,cookies,,,,,,,,,
cereal,chocolate,butter,,,,,,,,,
chocolate,chicken,yogurt,rice,apple,,,,,,,
milk,yogurt,,,,,,,,,,
bread,cereal,rice,onion,butter,,,,,,,
cheese,bread,rice,cookies,potato,,,,,,,
cheese,chicken,orange,,,,,,,,,
potato,banana,orange,fish,coffee,,,,,,,
chocolate,chicken,bread,milk,rice,cookies,tomato,butter,coffee,,,
chocolate,orange,,,,,,,,,,
cheese,milk,sugar,tomato,butter,,,,,,,
chocolate,chicken,bread,milk,potato,butter,,,,,,
yogurt,banana,,,,,,,,,,
yogurt,rice,lettuce,sugar,butter,,,,,,,
fish,cereal,eggs,tomato,coffee,,,,,,,
cheese,milk,yogurt,potato,banana,tomato,,,,,,
bread,cereal,rice,banana,coffee,,,,,,,
chocolate,milk,cereal,yogurt,eggs,grapes,apple,sugar,coffee,,,
rice,butter,cheese,cookies,,,,,,,,
chocolate,bread,milk,banana,sugar,coffee,,,,,,
yogurt,beef,tea,banana,fish,coffee,,,,,,
grapes,fish,lettuce,cookies,,,,,,,,
cheese,grapes,bread,coffee,,,,,,,,
bread,milk,cookies,sugar,butter,carrot,,,,,,
chicken,cereal,rice,beef,apple,cookies,potato,,,,,
milk,tea,yogurt,butter,,,,,,,,
yogurt,eggs,apple,banana,lettuce,butter,,,,,,
chocolate,milk,cereal,banana,sugar,coffee,,,,,,
milk,cereal,yogurt,apple,butter,,,,,,,
bread,milk,cereal,grapes,orange,butter,,,,,,
tomato,rice,lettuce,sugar,,,,,,,,
bread,milk,rice,beef,grapes,potato,,,,,,
milk,chicken,bread,,,,,,,,,
chicken,bread,yogurt,sugar,tomato,coffee,,,,,,
grapes,apple,carrot,,,,,,,,,
fish,butter,bread,eggs,,,,,,,,
chicken,beef,apple,butter,coffee,,,,,,,
cheese,milk,yogurt,rice,apple,sugar,tomato,carrot,,,,
cereal,yogurt,tomato,sugar,fish,carrot,,,,,,
chicken,yogurt,rice,apple,banana,fish,,,,,,
cheese,coffee,,,,,,,,,,
bread,milk,yogurt,eggs,banana,cookies,tomato,butter,,,,
yogurt,bread,cookies,,,,,,,,,
chocolate,bread,milk,apple,sugar,butter,,,,,,
milk,rice,onion,beef,orange,sugar,carrot,,,,,
rice,onion,butter,cookies,,,,,,,,
milk,rice,coffee,eggs,,,,,,,,
chocolate,orange,coffee,cookies,,,,,,,,
cheese,eggs,apple,banana,potato,,,,,,,
bread,cereal,yogurt,carrot,eggs,grapes,apple,butter,,,,
milk,potato,grapes,butter,,,,,,,,
milk,cereal,beef,eggs,lettuce,orange,,,,,,
bread,cheese,milk,cereal,beef,eggs,grapes,lettuce,cookies,butter,,
milk,yogurt,carrot,onion,eggs,butter,,,,,,
milk,tea,lettuce,potato,butter,,,,,,,
bread,milk,yogurt,rice,banana,sugar,butter,,,,,
bread,cereal,eggs,sugar,potato,butter,coffee,,,,,
chicken,beef,orange,tomato,carrot,,,,,,,
rice,beef,banana,sugar,potato,butter,,,,,,
chicken,milk,banana,orange,lettuce,,,,,,,
bread,milk,tea,banana,butter,,,,,,,
bread,cereal,yogurt,eggs,potato,butter,,,,,,
beef,potato,apple,coffee,,,,,,,,
milk,chocolate,rice,,,,,,,,,
milk,tomato,cereal,butter,,,,,,,,
chocolate,butter,beef,,,,,,,,,
bread,milk,tea,butter,coffee,,,,,,,
tea,onion,banana,eggs,,,,,,,,
milk,chocolate,apple,carrot,,,,,,,,
chocolate,milk,yogurt,eggs,banana,butter,,,,,,
cheese,rice,carrot,coffee,,,,,,,,
bread,yogurt,beef,lettuce,sugar,butter,coffee,,,,,
fish,lettuce,cheese,,,,,,,,,
potato,apple,,,,,,,,,,
milk,beef,apple,cookies,butter,,,,,,,
bread,milk,cereal,onion,beef,tea,butter,,,,,
milk,butter,bread,eggs,,,,,,,,
tomato,rice,chicken,lettuce,,,,,,,,
chicken,yogurt,onion,beef,grapes,coffee,,,,,,
yogurt,apple,banana,,,,,,,,,
chocolate,bread,milk,yogurt,rice,banana,tea,coffee,,,,
banana,lettuce,,,,,,,,,,
tomato,yogurt,beef,,,,,,,,,
chicken,bread,rice,tea,tomato,,,,,,,
sugar,cereal,milk,grapes,apple,cookies,coffee,,,,,
cereal,butter,,,,,,,,,,
tea,yogurt,rice,carrot,,,,,,,,
chocolate,bread,eggs,lettuce,orange,butter,carrot,,,,,
grapes,tea,orange,eggs,,,,,,,,
milk,chicken,bread,cookies,,,,,,,,
tea,banana,lettuce,tomato,fish,,,,,,,
cereal,banana,coffee,,,,,,,,,
bread,milk,onion,eggs,butter,,,,,,,
bread,milk,yogurt,onion,grapes,banana,sugar,coffee,,,,
milk,potato,butter,bread,,,,,,,,
bread,cereal,rice,apple,tea,tomato,,,,,,
chocolate,cereal,milk,grapes,coffee,,,,,,,
milk,beef,potato,orange,fish,carrot,,,,,,
bread,milk,yogurt,carrot,rice,grapes,sugar,potato,butter,coffee,,
milk,grapes,coffee,sugar,,,,,,,,
cereal,yogurt,rice,onion,tomato,,,,,,,
milk,chocolate,yogurt,sugar,,,,,,,,
yogurt,grapes,banana,tomato,sugar,fish,coffee,,,,,
bread,cereal,milk,rice,apple,banana,sugar,butter,coffee,,,
milk,eggs,apple,orange,sugar,coffee,,,,,,
chicken,bread,milk,lettuce,coffee,,,,,,,
chocolate,yogurt,rice,tea,tomato,,,,,,,
chocolate,bread,yogurt,onion,banana,orange,butter,,,,,
milk,grapes,onion,butter,,,,,,,,
apple,orange,sugar,butter,coffee,,,,,,,
chocolate,bread,cheese,milk,cereal,rice,butter,,,,,
chicken,bread,milk,rice,grapes,cookies,tomato,butter,,,,
cheese,milk,yogurt,eggs,cookies,butter,,,,,,
banana,beef,,,,,,,,,,
carrot,orange,cookies,,,,,,,,,
grapes,butter,cheese,,,,,,,,,
chocolate,milk,carrot,potato,butter,,,,,,,
milk,yogurt,apple,banana,carrot,coffee,,,,,,
chicken,bread,yogurt,apple,tea,potato,butter,,,,,
chicken,cheese,rice,apple,sugar,coffee,,,,,,
milk,rice,banana,tea,carrot,,,,,,,
cereal,onion,beef,eggs,orange,,,,,,,
rice,onion,apple,,,,,,,,,
bread,cheese,lettuce,cookies,butter,coffee,,,,,,
butter,cheese,,,,,,,,,,
cheese,milk,banana,sugar,butter,,,,,,,
chicken,bread,milk,cereal,lettuce,tomato,sugar,potato,butter,coffee,,
bread,eggs,potato,fish,butter,coffee,,,,,,
chocolate,apple,banana,sugar,,,,,,,,
chocolate,milk,eggs,grapes,cookies,tomato,coffee,,,,,
chocolate,bread,beef,lettuce,sugar,potato,coffee,,,,,
milk,coffee,sugar,,,,,,,,,
yogurt,banana,,,,,,,,,,
cereal,eggs,grapes,banana,butter,,,,,,,
chicken,bread,milk,lettuce,banana,fish,butter,,,,,
chocolate,cheese,bread,milk,cereal,butter,,,,,,
onion,eggs,apple,sugar,coffee,,,,,,,
chicken,cereal,eggs,banana,lettuce,sugar,tomato,,,,,
chicken,bread,cereal,rice,fish,butter,coffee,,,,,
potato,butter,coffee,,,,,,,,,
onion,tea,,,,,,,,,,
cookies,sugar,,,,,,,,,,
chicken,bread,eggs,grapes,sugar,,,,,,,
lettuce,cookies,,,,,,,,,,
chicken,bread,milk,yogurt,rice,sugar,,,,,,
bread,onion,apple,banana,tomato,butter,coffee,,,,,
beef,lettuce,coffee,,,,,,,,,
chicken,bread,tea,orange,butter,,,,,,,
grapes,banana,butter,cheese,,,,,,,,
bread,cereal,potato,banana,cookies,fish,,,,,,
chocolate,bread,milk,eggs,apple,sugar,butter,coffee,,,,
cereal,chocolate,onion,beef,,,,,,,,
chocolate,onion,chicken,,,,,,,,,
chocolate,yogurt,rice,apple,banana,butter,,,,,,
apple,butter,bread,sugar,,,,,,,,
cheese,potato,bread,,,,,,,,,
chocolate,tomato,tea,bread,,,,,,,,
fish,chicken,potato,,,,,,,,,
chocolate,yogurt,coffee,sugar,,,,,,,,
milk,eggs,orange,cookies,butter,,,,,,,
yogurt,grapes,tea,banana,lettuce,,,,,,,
butter,cookies,,,,,,,,,,
bread,milk,rice,lettuce,cookies,butter,,,,,,
milk,yogurt,banana,sugar,tomato,butter,coffee,,,,,
milk,apple,beef,,,,,,,,,
milk,tomato,lettuce,bread,,,,,,,,
milk,rice,beef,sugar,tomato,butter,,,,,,
milk,rice,eggs,potato,butter,,,,,,,
milk,chocolate,potato,coffee,,,,,,,,
cheese,yogurt,grapes,banana,sugar,,,,,,,
milk,orange,cheese,sugar,,,,,,,,
bread,milk,eggs,grapes,apple,banana,butter,coffee,,,,
yogurt,tea,lettuce,,,,,,,,,
grapes,tea,banana,tomato,carrot,,,,,,,
milk,chicken,,,,,,,,,,
milk,apple,banana,cookies,potato,butter,,,,,,
cheese,milk,yogurt,banana,fish,,,,,,,
chicken,bread,milk,onion,fish,butter,,,,,,
milk,yogurt,tea,banana,fish,,,,,,,
rice,eggs,apple,banana,cookies,,,,,,,
chicken,cereal,milk,rice,eggs,grapes,apple,banana,sugar,,,
chocolate,bread,cereal,milk,onion,apple,banana,carrot,,,,
chicken,bread,cheese,orange,tomato,coffee,,,,,,
bread,milk,yogurt,eggs,apple,,,,,,,
grapes,yogurt,bread,sugar,,,,,,,,
bread,milk,onion,sugar,tomato,butter,,,,,,
bread,milk,cereal,beef,tea,butter,,,,,,
banana,butter,eggs,,,,,,,,,
chicken,cheese,milk,cereal,rice,eggs,grapes,cookies,fish,butter,,
milk,grapes,banana,sugar,coffee,,,,,,,
fish,milk,yogurt,eggs,grapes,banana,sugar,tomato,butter,coffee,,
bread,cheese,milk,rice,butter,,,,,,,
milk,potato,eggs,,,,,,,,,
cheese,rice,beef,lettuce,banana,,,,,,,
cookies,butter,eggs,,,,,,,,,
bread,cheese,milk,yogurt,rice,eggs,lettuce,,,,,
milk,cereal,tea,lettuce,butter,,,,,,,
