milk,chicken,beef,,,,,,,,,,,,
bread,milk,cereal,yogurt,eggs,apple,banana,sugar,fish,butter,,,,,
chocolate,chicken,bread,milk,rice,eggs,orange,cookies,tomato,butter,coffee,,,,
bread,milk,rice,orange,sugar,butter,coffee,,,,,,,,
chicken,bread,milk,yogurt,rice,onion,apple,banana,tomato,butter,coffee,,,,
chicken,cereal,milk,rice,onion,eggs,sugar,tomato,coffee,,,,,,
chicken,bread,milk,yogurt,eggs,grapes,apple,banana,butter,coffee,,,,,
milk,eggs,grapes,lettuce,carrot,,,,,,,,,,
bread,cheese,milk,lettuce,butter,,,,,,,,,,
apple,eggs,,,,,,,,,,,,,
bread,cheese,milk,yogurt,apple,cookies,butter,coffee,,,,,,,
bread,milk,cereal,rice,eggs,orange,tomato,butter,,,,,,,
cereal,milk,yogurt,onion,eggs,apple,banana,potato,fish,coffee,,,,,
fish,apple,bread,cookies,,,,,,,,,,,
chicken,bread,milk,cereal,eggs,fish,butter,,,,,,,,
cheese,milk,yogurt,eggs,apple,banana,sugar,,,,,,,,
fish,cheese,milk,yogurt,apple,banana,tea,sugar,tomato,coffee,,,,,
yogurt,apple,banana,orange,carrot,,,,,,,,,,
chicken,bread,milk,cereal,eggs,grapes,tea,potato,butter,,,,,,
bread,milk,potato,fish,butter,,,,,,,,,,
bread,cheese,milk,banana,orange,fish,butter,,,,,,,,
yogurt,lettuce,sugar,,,,,,,,,,,,
bread,milk,rice,tomato,butter,,,,,,,,,,
chicken,cereal,yogurt,apple,banana,,,,,,,,,,
chicken,cereal,milk,eggs,lettuce,,,,,,,,,,
chicken,bread,milk,cereal,rice,eggs,lettuce,tomato,butter,,,,,,
chicken,cheese,milk,yogurt,rice,apple,banana,tea,sugar,tomato,coffee,,,,
chocolate,bread,milk,yogurt,grapes,apple,banana,tea,sugar,butter,coffee,,,,
yogurt,rice,beef,grapes,apple,banana,tea,,,,,,,,
chocolate,bread,milk,rice,potato,butter,,,,,,,,,
butter,coffee,,,,,,,,,,,,,
grapes,lettuce,sugar,tomato,coffee,,,,,,,,,,
milk,tomato,butter,bread,,,,,,,,,,,
chocolate,bread,cheese,milk,grapes,fish,butter,,,,,,,,
bread,milk,rice,eggs,orange,butter,coffee,,,,,,,,
onion,carrot,sugar,,,,,,,,,,,,
milk,yogurt,tea,sugar,coffee,,,,,,,,,,
chicken,bread,beef,grapes,tomato,,,,,,,,,,
chicken,bread,milk,yogurt,rice,carrot,apple,banana,tomato,butter,,,,,
chicken,bread,milk,rice,sugar,tomato,butter,,,,,,,,
chocolate,cheese,beef,grapes,orange,,,,,,,,,,
milk,coffee,butter,bread,,,,,,,,,,,
bread,yogurt,eggs,apple,banana,lettuce,carrot,,,,,,,,
fish,carrot,coffee,cookies,,,,,,,,,,,
bread,milk,cereal,yogurt,beef,eggs,apple,banana,cookies,butter,,,,,
fish,chicken,rice,potato,tomato,,,,,,,,,,
bread,milk,cereal,onion,eggs,butter,,,,,,,,,
milk,potato,banana,orange,fish,,,,,,,,,,
cereal,carrot,coffee,,,,,,,,,,,,
bread,milk,onion,beef,banana,sugar,butter,,,,,,,,
tomato,onion,lettuce,,,,,,,,,,,,
fish,bread,milk,yogurt,banana,tomato,butter,,,,,,,,
cereal,milk,yogurt,rice,onion,beef,eggs,apple,banana,cookies,,,,,
bread,cheese,milk,rice,butter,coffee,,,,,,,,,
chocolate,eggs,,,,,,,,,,,,,
milk,yogurt,rice,eggs,apple,banana,,,,,,,,,
bread,milk,carrot,sugar,butter,coffee,,,,,,,,,
cereal,milk,rice,eggs,lettuce,tea,,,,,,,,,
cereal,cheese,,,,,,,,,,,,,
bread,milk,cereal,yogurt,eggs,grapes,apple,banana,sugar,butter,coffee,,,,
bread,milk,rice,eggs,lettuce,sugar,coffee,,,,,,,,
chicken,milk,cereal,yogurt,apple,banana,sugar,carrot,coffee,,,,,,
chocolate,cereal,milk,eggs,tea,,,,,,,,,,
chicken,bread,milk,yogurt,apple,banana,orange,butter,,,,,,,
milk,yogurt,rice,grapes,apple,banana,cookies,sugar,fish,coffee,,,,,
rice,lettuce,,,,,,,,,,,,,
milk,grapes,onion,carrot,,,,,,,,,,,
potato,orange,cookies,,,,,,,,,,,,
chicken,bread,milk,cereal,fish,butter,coffee,,,,,,,,
yogurt,rice,apple,banana,cookies,butter,,,,,,,,,
fish,chicken,milk,rice,tea,sugar,tomato,coffee,,,,,,,
bread,milk,yogurt,apple,banana,butter,,,,,,,,,
cheese,yogurt,eggs,tea,carrot,,,,,,,,,,
chocolate,bread,milk,yogurt,carrot,apple,banana,lettuce,butter,,,,,,
milk,yogurt,carrot,eggs,apple,banana,butter,,,,,,,,
chocolate,chicken,bread,milk,orange,sugar,coffee,,,,,,,,
chocolate,chicken,bread,milk,cookies,sugar,butter,coffee,,,,,,,
rice,eggs,orange,carrot,coffee,,,,,,,,,,
carrot,coffee,,,,,,,,,,,,,
chicken,cheese,cereal,milk,rice,eggs,grapes,,,,,,,,
cereal,milk,beef,eggs,banana,lettuce,sugar,coffee,,,,,,,
chicken,milk,rice,beef,grapes,sugar,tomato,coffee,,,,,,,
bread,milk,tea,potato,butter,,,,,,,,,,
milk,potato,coffee,sugar,,,,,,,,,,,
chicken,milk,yogurt,rice,apple,banana,lettuce,sugar,cookies,tomato,coffee,,,,
chicken,cheese,yogurt,rice,eggs,,,,,,,,,,
yogurt,beef,apple,banana,butter,,,,,,,,,,
bread,milk,cereal,eggs,sugar,butter,coffee,,,,,,,,
chocolate,bread,milk,yogurt,rice,beef,tomato,butter,,,,,,,
cereal,milk,yogurt,eggs,sugar,coffee,,,,,,,,,
chicken,bread,milk,cereal,yogurt,beef,eggs,apple,banana,butter,,,,,
fish,chicken,bread,milk,rice,tomato,butter,,,,,,,,
cereal,milk,yogurt,eggs,apple,banana,orange,sugar,lettuce,coffee,,,,,
chocolate,bread,milk,yogurt,carrot,apple,banana,sugar,fish,butter,,,,,
bread,milk,yogurt,eggs,apple,banana,lettuce,butter,,,,,,,
bread,milk,beef,sugar,butter,coffee,,,,,,,,,
yogurt,banana,beef,bread,,,,,,,,,,,
chicken,bread,milk,yogurt,rice,apple,banana,lettuce,tea,tomato,butter,coffee,,,
chicken,milk,yogurt,beef,apple,banana,tea,sugar,coffee,,,,,,
chocolate,bread,milk,rice,eggs,grapes,sugar,butter,coffee,,,,,,
grapes,apple,cookies,,,,,,,,,,,,
bread,milk,cereal,eggs,orange,cookies,butter,,,,,,,,
chocolate,cheese,cereal,milk,eggs,grapes,cookies,fish,,,,,,,
milk,yogurt,eggs,apple,banana,cookies,,,,,,,,,
bread,milk,cereal,eggs,cookies,potato,butter,,,,,,,,
bread,milk,rice,apple,sugar,butter,coffee,,,,,,,,
bread,milk,grapes,sugar,tomato,butter,coffee,,,,,,,,
bread,cheese,milk,beef,lettuce,butter,,,,,,,,,
bread,milk,rice,lettuce,orange,butter,,,,,,,,,
chicken,bread,cheese,milk,rice,tomato,butter,,,,,,,,
milk,yogurt,apple,banana,lettuce,sugar,fish,butter,coffee,,,,,,
chicken,beef,banana,sugar,coffee,,,,,,,,,,
chicken,bread,milk,cereal,eggs,cookies,butter,,,,,,,,
cereal,butter,,,,,,,,,,,,,
tomato,beef,eggs,,,,,,,,,,,,
bread,milk,yogurt,carrot,apple,banana,sugar,tomato,butter,,,,,,
eggs,bread,cookies,,,,,,,,,,,,
onion,sugar,,,,,,,,,,,,,
chocolate,cereal,milk,beef,eggs,cookies,potato,,,,,,,,
chocolate,beef,lettuce,sugar,coffee,,,,,,,,,,
chicken,cheese,cookies,tomato,carrot,,,,,,,,,,
bread,milk,beef,sugar,potato,coffee,,,,,,,,,
chicken,cereal,milk,rice,eggs,cookies,tomato,,,,,,,,
bread,milk,cereal,yogurt,eggs,grapes,apple,banana,potato,butter,,,,,
chicken,rice,grapes,potato,tomato,carrot,,,,,,,,,
bread,milk,yogurt,rice,butter,,,,,,,,,,
chicken,bread,milk,cereal,yogurt,rice,onion,eggs,apple,lettuce,sugar,tomato,butter,coffee,
bread,cheese,milk,rice,beef,banana,sugar,butter,coffee,,,,,,
chocolate,milk,yogurt,grapes,apple,,,,,,,,,,
bread,milk,cereal,beef,grapes,apple,fish,butter,,,,,,,
chicken,bread,milk,cereal,yogurt,rice,carrot,eggs,apple,banana,sugar,tomato,butter,coffee,
fish,bread,milk,cereal,onion,eggs,potato,butter,,,,,,,
cereal,milk,eggs,lettuce,orange,sugar,coffee,,,,,,,,
bread,milk,sugar,butter,carrot,,,,,,,,,,
chicken,bread,milk,carrot,rice,onion,grapes,tomato,butter,coffee,,,,,
chocolate,bread,milk,apple,sugar,butter,coffee,,,,,,,,
tomato,sugar,,,,,,,,,,,,,
potato,carrot,,,,,,,,,,,,,
chicken,bread,milk,rice,banana,orange,tomato,butter,,,,,,,
milk,cereal,tea,sugar,coffee,,,,,,,,,,
chicken,bread,milk,grapes,tomato,butter,,,,,,,,,
chicken,cheese,cereal,milk,eggs,lettuce,,,,,,,,,
bread,sugar,milk,cookies,coffee,,,,,,,,,,
chicken,yogurt,rice,onion,apple,banana,tea,tomato,,,,,,,
chicken,bread,milk,yogurt,rice,grapes,apple,banana,potato,cookies,tomato,butter,,,
cereal,fish,beef,cookies,,,,,,,,,,,
bread,milk,cereal,eggs,apple,orange,butter,,,,,,,,
bread,cheese,milk,cereal,cookies,sugar,butter,coffee,,,,,,,
chicken,bread,milk,yogurt,rice,lettuce,banana,cookies,tomato,butter,,,,,
cereal,cookies,,,,,,,,,,,,,
bread,milk,cereal,eggs,lettuce,sugar,butter,coffee,,,,,,,
fish,bread,,,,,,,,,,,,,
tomato,butter,orange,cookies,,,,,,,,,,,
grapes,cookies,eggs,,,,,,,,,,,,
cereal,milk,eggs,potato,fish,,,,,,,,,,
cheese,cereal,milk,yogurt,eggs,apple,banana,tea,sugar,orange,coffee,,,,
chocolate,chicken,yogurt,rice,apple,banana,tomato,butter,,,,,,,
yogurt,apple,banana,orange,tomato,,,,,,,,,,
milk,yogurt,apple,banana,orange,sugar,coffee,,,,,,,,
bread,milk,onion,banana,cookies,fish,butter,,,,,,,,
milk,yogurt,beef,eggs,apple,banana,sugar,,,,,,,,
beef,chicken,orange,eggs,,,,,,,,,,,
chicken,yogurt,beef,grapes,apple,banana,tea,potato,,,,,,,
cereal,milk,eggs,cookies,carrot,coffee,,,,,,,,,
yogurt,eggs,apple,banana,orange,cookies,fish,,,,,,,,
bread,milk,beef,apple,butter,,,,,,,,,,
milk,yogurt,rice,apple,banana,orange,sugar,coffee,,,,,,,
chocolate,onion,beef,orange,fish,,,,,,,,,,
bread,milk,yogurt,apple,banana,tea,sugar,fish,butter,coffee,,,,,
cheese,fish,rice,beef,,,,,,,,,,,
chicken,bread,cheese,milk,cereal,yogurt,onion,eggs,grapes,apple,banana,lettuce,butter,,
cheese,cereal,milk,yogurt,eggs,sugar,coffee,,,,,,,,
chicken,bread,cheese,milk,yogurt,rice,tomato,butter,,,,,,,
chocolate,chicken,cereal,milk,rice,eggs,tomato,,,,,,,,
milk,yogurt,eggs,apple,banana,,,,,,,,,,
cheese,cereal,milk,beef,eggs,sugar,tomato,,,,,,,,
bread,cheese,milk,yogurt,apple,banana,cookies,butter,,,,,,,
bread,milk,cereal,yogurt,eggs,grapes,apple,banana,tea,sugar,fish,butter,coffee,,
bread,milk,cereal,yogurt,tomato,fish,butter,coffee,,,,,,,
cereal,onion,milk,eggs,,,,,,,,,,,
yogurt,onion,grapes,apple,banana,,,,,,,,,,
yogurt,coffee,,,,,,,,,,,,,
chicken,cereal,rice,onion,tomato,,,,,,,,,,
milk,banana,cookies,sugar,coffee,,,,,,,,,,
chocolate,tea,sugar,,,,,,,,,,,,
bread,milk,rice,banana,sugar,butter,coffee,,,,,,,,
bread,milk,lettuce,butter,potato,carrot,,,,,,,,,
bread,milk,yogurt,onion,beef,apple,banana,sugar,potato,butter,coffee,,,,
chicken,bread,milk,rice,eggs,cookies,sugar,tomato,butter,coffee,,,,,
chocolate,bread,milk,carrot,banana,sugar,tomato,butter,coffee,,,,,,
milk,onion,apple,sugar,coffee,,,,,,,,,,
fish,chicken,bread,milk,cereal,rice,eggs,tomato,butter,,,,,,
bread,cereal,milk,yogurt,rice,beef,eggs,apple,banana,potato,,,,,
chicken,cheese,cereal,milk,yogurt,rice,eggs,apple,banana,cookies,sugar,tomato,coffee,,
yogurt,beef,eggs,grapes,apple,banana,sugar,tomato,,,,,,,
milk,lettuce,banana,sugar,carrot,coffee,,,,,,,,,
bread,milk,rice,lettuce,butter,,,,,,,,,,
chocolate,bread,milk,cookies,butter,,,,,,,,,,
bread,milk,yogurt,carrot,rice,apple,banana,potato,fish,butter,coffee,,,,
bread,cereal,milk,yogurt,onion,eggs,apple,banana,lettuce,sugar,coffee,,,,
chicken,cereal,milk,yogurt,onion,beef,eggs,apple,banana,tea,orange,,,,
bread,milk,tea,orange,potato,butter,coffee,,,,,,,,
chocolate,chicken,cereal,milk,yogurt,eggs,banana,,,,,,,,
bread,milk,yogurt,orange,tomato,butter,coffee,,,,,,,,
grapes,tea,bread,eggs,,,,,,,,,,,
yogurt,chicken,orange,eggs,,,,,,,,,,,
fish,milk,rice,onion,tea,sugar,potato,coffee,,,,,,,
chocolate,bread,milk,cereal,eggs,apple,sugar,butter,coffee,,,,,,
chocolate,eggs,apple,tea,coffee,,,,,,,,,,
chicken,yogurt,beef,apple,banana,tea,tomato,,,,,,,,
bread,milk,banana,butter,carrot,,,,,,,,,,
chocolate,tea,tomato,lettuce,,,,,,,,,,,
sugar,milk,cookies,tomato,coffee,,,,,,,,,,
cereal,milk,eggs,apple,cookies,tomato,,,,,,,,,
milk,banana,orange,,,,,,,,,,,,
bread,milk,yogurt,apple,banana,tea,sugar,butter,coffee,,,,,,
bread,milk,eggs,orange,sugar,tomato,butter,coffee,,,,,,,
chicken,milk,yogurt,rice,apple,banana,potato,sugar,cookies,tomato,coffee,,,,
chicken,bread,milk,cereal,rice,eggs,grapes,tea,tomato,butter,,,,,
chicken,cereal,rice,grapes,tomato,butter,,,,,,,,,
milk,butter,cookies,,,,,,,,,,,,
yogurt,beef,apple,banana,sugar,,,,,,,,,,
chicken,bread,cheese,milk,cereal,beef,eggs,tomato,butter,,,,,,
bread,milk,yogurt,rice,apple,banana,butter,,,,,,,,
bread,milk,cereal,carrot,rice,eggs,banana,sugar,butter,coffee,,,,,
bread,cereal,milk,eggs,lettuce,orange,sugar,tomato,carrot,coffee,,,,,
milk,yogurt,rice,apple,banana,coffee,,,,,,,,,
chocolate,yogurt,beef,apple,banana,,,,,,,,,,
milk,orange,sugar,tomato,coffee,,,,,,,,,,
cereal,milk,onion,eggs,sugar,tomato,coffee,,,,,,,,
potato,carrot,,,,,,,,,,,,,
chicken,yogurt,grapes,apple,banana,,,,,,,,,,
grapes,tomato,,,,,,,,,,,,,
chocolate,chicken,bread,yogurt,apple,banana,sugar,,,,,,,,
cereal,yogurt,beef,apple,banana,lettuce,,,,,,,,,
cereal,milk,beef,eggs,apple,potato,butter,,,,,,,,
bread,milk,yogurt,apple,banana,sugar,tomato,coffee,,,,,,,
beef,apple,banana,orange,,,,,,,,,,,
apple,carrot,eggs,,,,,,,,,,,,
chicken,bread,milk,cereal,eggs,potato,tomato,butter,,,,,,,
bread,milk,cereal,sugar,tomato,butter,coffee,,,,,,,,
chicken,bread,milk,cereal,eggs,grapes,lettuce,sugar,butter,,,,,,
chocolate,chicken,,,,,,,,,,,,,
cereal,yogurt,apple,lettuce,coffee,,,,,,,,,,
tomato,carrot,,,,,,,,,,,,,
milk,rice,eggs,sugar,coffee,,,,,,,,,,
bread,cheese,milk,cereal,eggs,cookies,butter,,,,,,,,
apple,tea,fish,carrot,coffee,,,,,,,,,,
chicken,milk,yogurt,rice,grapes,apple,banana,tomato,,,,,,,
bread,milk,grapes,tea,butter,,,,,,,,,,
chocolate,chicken,bread,milk,cereal,grapes,tea,butter,,,,,,,
chocolate,cheese,yogurt,apple,banana,sugar,butter,,,,,,,,
bread,milk,yogurt,beef,apple,banana,sugar,fish,butter,coffee,,,,,
chocolate,yogurt,rice,cookies,,,,,,,,,,,
chicken,bread,milk,rice,lettuce,orange,tomato,butter,,,,,,,
milk,cereal,banana,sugar,coffee,,,,,,,,,,
cheese,grapes,apple,bread,,,,,,,,,,,
chocolate,bread,milk,yogurt,apple,banana,lettuce,tea,tomato,butter,,,,,
rice,beef,grapes,lettuce,cookies,,,,,,,,,,
milk,banana,orange,,,,,,,,,,,,
cereal,milk,beef,eggs,sugar,tomato,coffee,,,,,,,,
cheese,cereal,milk,yogurt,onion,eggs,apple,banana,cookies,sugar,butter,coffee,,,
chicken,bread,cereal,milk,eggs,apple,sugar,potato,coffee,,,,,,
chicken,bread,milk,tea,banana,sugar,lettuce,butter,coffee,,,,,,
cereal,apple,banana,cookies,,,,,,,,,,,
bread,milk,cereal,yogurt,lettuce,butter,,,,,,,,,
chocolate,bread,milk,yogurt,eggs,grapes,apple,banana,butter,,,,,,
chicken,cheese,yogurt,apple,banana,lettuce,coffee,,,,,,,,
bread,milk,yogurt,apple,banana,butter,coffee,,,,,,,,
chocolate,bread,milk,cookies,butter,,,,,,,,,,
bread,milk,yogurt,apple,banana,lettuce,butter,,,,,,,,
fish,chicken,milk,yogurt,rice,apple,banana,sugar,tomato,carrot,coffee,,,,
cereal,milk,yogurt,eggs,grapes,apple,banana,carrot,,,,,,,
cereal,milk,yogurt,eggs,apple,banana,tea,sugar,coffee,,,,,,
tea,sugar,,,,,,,,,,,,,
cereal,tea,milk,eggs,,,,,,,,,,,
chocolate,bread,milk,cereal,yogurt,eggs,apple,banana,butter,,,,,,
chicken,cereal,milk,eggs,orange,butter,,,,,,,,,
chocolate,milk,yogurt,beef,eggs,sugar,fish,coffee,,,,,,,
beef,eggs,lettuce,sugar,potato,,,,,,,,,,
bread,milk,cereal,onion,eggs,sugar,butter,,,,,,,,
lettuce,sugar,cookies,,,,,,,,,,,,
tomato,rice,,,,,,,,,,,,,
cereal,milk,yogurt,rice,onion,eggs,apple,banana,tomato,carrot,,,,,
bread,cheese,milk,yogurt,carrot,apple,banana,lettuce,sugar,cookies,orange,butter,coffee,,
chicken,rice,potato,lettuce,cookies,tomato,,,,,,,,,
chicken,bread,milk,cereal,yogurt,eggs,apple,banana,lettuce,cookies,butter,,,,
cereal,milk,eggs,apple,potato,,,,,,,,,,
bread,milk,cereal,yogurt,carrot,rice,eggs,apple,banana,butter,,,,,
bread,cheese,milk,yogurt,beef,lettuce,tea,butter,,,,,,,
fish,cheese,cereal,milk,yogurt,eggs,apple,banana,tomato,potato,,,,,
milk,yogurt,rice,apple,banana,sugar,tomato,coffee,,,,,,,
chicken,yogurt,rice,onion,beef,apple,banana,tomato,butter,,,,,,
bread,milk,yogurt,apple,banana,fish,butter,,,,,,,,
cereal,milk,yogurt,beef,eggs,apple,banana,butter,,,,,,,
cereal,tomato,bread,,,,,,,,,,,,
bread,milk,rice,banana,tomato,butter,,,,,,,,,
milk,yogurt,rice,apple,sugar,carrot,coffee,,,,,,,,
cereal,milk,onion,eggs,grapes,,,,,,,,,,
bread,milk,yogurt,rice,banana,butter,,,,,,,,,
fish,chicken,apple,eggs,,,,,,,,,,,
yogurt,apple,banana,sugar,fish,coffee,,,,,,,,,
chocolate,bread,milk,yogurt,apple,banana,sugar,butter,coffee,,,,,,
chicken,milk,rice,beef,grapes,potato,sugar,tomato,coffee,,,,,,
bread,milk,carrot,onion,sugar,butter,coffee,,,,,,,,
bread,cheese,milk,cereal,eggs,orange,sugar,butter,coffee,,,,,,
bread,milk,cereal,yogurt,eggs,apple,banana,orange,tomato,fish,butter,coffee,,,
milk,yogurt,apple,banana,cookies,potato,butter,,,,,,,,
sugar,bread,cereal,yogurt,apple,banana,cookies,butter,,,,,,,
yogurt,apple,banana,orange,coffee,,,,,,,,,,
cereal,milk,eggs,grapes,tomato,,,,,,,,,,
chicken,bread,milk,eggs,apple,cookies,butter,coffee,,,,,,,
chicken,cereal,yogurt,rice,beef,apple,banana,cookies,tomato,carrot,,,,,
tomato,eggs,,,,,,,,,,,,,
chicken,rice,tea,banana,cookies,tomato,,,,,,,,,
bread,milk,onion,lettuce,butter,,,,,,,,,,
grapes,potato,orange,,,,,,,,,,,,
bread,milk,yogurt,onion,apple,banana,lettuce,fish,butter,,,,,,
milk,yogurt,apple,banana,sugar,potato,butter,coffee,,,,,,,
chocolate,bread,milk,rice,orange,tomato,butter,,,,,,,,
cereal,milk,rice,beef,eggs,tomato,,,,,,,,,
chicken,bread,milk,rice,banana,butter,,,,,,,,,
chicken,bread,milk,yogurt,apple,banana,tea,butter,,,,,,,
milk,tea,sugar,,,,,,,,,,,,
bread,milk,cereal,beef,eggs,potato,butter,,,,,,,,
cereal,milk,yogurt,beef,eggs,apple,banana,carrot,,,,,,,
chocolate,fish,chicken,bread,cereal,milk,rice,eggs,tea,tomato,butter,,,,
chicken,yogurt,beef,grapes,carrot,,,,,,,,,,
yogurt,grapes,apple,banana,orange,sugar,,,,,,,,,
bread,milk,eggs,banana,sugar,butter,coffee,,,,,,,,
fish,chicken,yogurt,rice,eggs,apple,banana,cookies,tomato,,,,,,
chicken,bread,milk,cereal,rice,eggs,tomato,butter,,,,,,,
chocolate,yogurt,eggs,apple,banana,tea,,,,,,,,,
milk,orange,tea,cheese,,,,,,,,,,,
bread,milk,yogurt,orange,cookies,butter,,,,,,,,,
cheese,cereal,milk,beef,eggs,lettuce,,,,,,,,,
bread,milk,cereal,yogurt,eggs,apple,banana,cookies,butter,,,,,,
cereal,carrot,tea,lettuce,,,,,,,,,,,
fish,chicken,cereal,milk,yogurt,rice,onion,beef,eggs,apple,banana,sugar,tomato,butter,
chicken,banana,coffee,,,,,,,,,,,,
chicken,milk,onion,grapes,fish,,,,,,,,,,
bread,milk,onion,lettuce,sugar,butter,,,,,,,,,
cereal,milk,rice,eggs,apple,banana,orange,,,,,,,,
bread,milk,cereal,yogurt,eggs,apple,banana,cookies,butter,coffee,,,,,
carrot,banana,sugar,cookies,,,,,,,,,,,
milk,yogurt,tea,sugar,carrot,coffee,,,,,,,,,
bread,cheese,cereal,milk,yogurt,eggs,apple,banana,carrot,,,,,,
bread,milk,cereal,eggs,sugar,butter,coffee,,,,,,,,
tomato,chicken,lettuce,cheese,,,,,,,,,,,
bread,milk,cereal,grapes,butter,,,,,,,,,,
fish,bread,cereal,milk,eggs,grapes,lettuce,potato,,,,,,,
bread,milk,eggs,apple,cookies,potato,butter,,,,,,,,
chocolate,chicken,bread,milk,yogurt,rice,carrot,apple,banana,tomato,butter,,,,
yogurt,onion,grapes,apple,banana,lettuce,butter,,,,,,,,
apple,lettuce,cookies,,,,,,,,,,,,
cereal,grapes,orange,,,,,,,,,,,,
chocolate,yogurt,apple,banana,,,,,,,,,,,
grapes,bread,,,,,,,,,,,,,
cheese,milk,cereal,tea,tomato,sugar,fish,coffee,,,,,,,
milk,onion,potato,orange,tomato,,,,,,,,,,
bread,milk,orange,butter,tomato,carrot,coffee,,,,,,,,
chicken,apple,sugar,fish,coffee,,,,,,,,,,
chicken,rice,tea,butter,tomato,carrot,,,,,,,,,
milk,rice,beef,eggs,sugar,fish,coffee,,,,,,,,
cereal,milk,yogurt,eggs,banana,sugar,tomato,carrot,,,,,,,
chicken,milk,cereal,yogurt,rice,apple,banana,sugar,tomato,carrot,coffee,,,,
cheese,milk,tea,cookies,sugar,,,,,,,,,,
carrot,beef,,,,,,,,,,,,,
cereal,yogurt,eggs,apple,banana,fish,carrot,,,,,,,,
bread,milk,carrot,banana,tea,tomato,butter,,,,,,,,
cheese,cereal,milk,eggs,sugar,fish,carrot,coffee,,,,,,,
chicken,bread,milk,cereal,eggs,apple,sugar,fish,butter,coffee,,,,,
bread,milk,cereal,carrot,beef,eggs,tea,potato,butter,,,,,,
bread,milk,yogurt,rice,beef,apple,banana,orange,sugar,butter,,,,,
yogurt,apple,banana,orange,butter,,,,,,,,,,
bread,milk,yogurt,grapes,apple,banana,tea,butter,,,,,,,
yogurt,sugar,,,,,,,,,,,,,
yogurt,rice,onion,beef,orange,,,,,,,,,,
bread,milk,grapes,cookies,sugar,butter,,,,,,,,,
bread,milk,cereal,yogurt,eggs,apple,banana,sugar,butter,coffee,,,,,
tea,orange,,,,,,,,,,,,,
milk,cereal,yogurt,apple,banana,sugar,carrot,coffee,,,,,,,
cereal,milk,eggs,banana,sugar,tomato,,,,,,,,,
chicken,cheese,milk,yogurt,rice,beef,cookies,sugar,tomato,coffee,,,,,
bread,milk,cereal,eggs,potato,sugar,tomato,butter,coffee,,,,,,
chicken,bread,milk,cereal,yogurt,rice,onion,tomato,butter,,,,,,
cereal,milk,rice,eggs,lettuce,tomato,,,,,,,,,
chocolate,bread,milk,yogurt,apple,banana,sugar,tomato,butter,coffee,,,,,
cheese,cereal,milk,onion,beef,eggs,,,,,,,,,
chicken,cereal,milk,rice,eggs,cookies,tomato,butter,,,,,,,
rice,grapes,tea,sugar,carrot,,,,,,,,,,
bread,milk,cereal,onion,eggs,grapes,apple,tomato,butter,,,,,,
bread,milk,banana,orange,cookies,butter,,,,,,,,,
tomato,fish,yogurt,,,,,,,,,,,,
bread,milk,beef,grapes,potato,butter,,,,,,,,,
bread,milk,beef,sugar,butter,coffee,,,,,,,,,
cheese,yogurt,onion,apple,banana,potato,,,,,,,,,
chocolate,onion,beef,sugar,butter,,,,,,,,,,
bread,milk,onion,beef,butter,,,,,,,,,,
cereal,milk,yogurt,onion,eggs,apple,banana,sugar,potato,carrot,,,,,
chicken,rice,potato,tomato,coffee,,,,,,,,,,
cereal,milk,rice,eggs,sugar,butter,,,,,,,,,
bread,milk,onion,tomato,butter,,,,,,,,,,
cheese,bread,onion,orange,fish,,,,,,,,,,
chicken,bread,milk,banana,sugar,butter,coffee,,,,,,,,
rice,lettuce,,,,,,,,,,,,,
bread,milk,yogurt,onion,eggs,apple,banana,tomato,butter,,,,,,
chicken,bread,sugar,milk,yogurt,apple,banana,orange,cookies,tomato,butter,,,,
bread,cheese,milk,yogurt,lettuce,tomato,butter,,,,,,,,
bread,milk,cereal,eggs,tomato,fish,butter,,,,,,,,
milk,cereal,rice,onion,beef,sugar,carrot,coffee,,,,,,,
coffee,tea,cheese,eggs,,,,,,,,,,,
carrot,tomato,butter,beef,,,,,,,,,,,
chicken,bread,cheese,milk,rice,beef,apple,tomato,butter,,,,,,
milk,beef,grapes,sugar,coffee,,,,,,,,,,
yogurt,eggs,apple,tea,banana,,,,,,,,,,
chocolate,milk,onion,grapes,butter,,,,,,,,,,
bread,milk,onion,sugar,potato,butter,,,,,,,,,
chicken,bread,rice,potato,tomato,,,,,,,,,,
chicken,yogurt,onion,apple,banana,cookies,butter,,,,,,,,
yogurt,butter,coffee,sugar,,,,,,,,,,,
milk,eggs,banana,cookies,coffee,,,,,,,,,,
rice,cheese,cookies,,,,,,,,,,,,
chocolate,yogurt,apple,banana,orange,sugar,tomato,,,,,,,,
chocolate,potato,onion,,,,,,,,,,,,
bread,milk,carrot,onion,beef,sugar,fish,butter,,,,,,,
cheese,yogurt,onion,cookies,butter,,,,,,,,,,
chicken,bread,milk,cereal,yogurt,rice,eggs,apple,banana,tomato,butter,,,,
chocolate,yogurt,apple,tea,banana,,,,,,,,,,
cheese,cereal,milk,onion,eggs,banana,,,,,,,,,
yogurt,apple,banana,cookies,coffee,,,,,,,,,,
yogurt,beef,grapes,apple,banana,tea,cookies,potato,,,,,,,
chicken,cheese,cereal,milk,eggs,grapes,orange,tomato,,,,,,,
bread,milk,onion,beef,butter,,,,,,,,,,
bread,cereal,milk,yogurt,eggs,,,,,,,,,,
bread,milk,cereal,eggs,grapes,sugar,butter,coffee,,,,,,,
bread,milk,cereal,yogurt,apple,banana,fish,butter,coffee,,,,,,
bread,cheese,milk,onion,sugar,butter,coffee,,,,,,,,
chocolate,bread,milk,yogurt,butter,,,,,,,,,,
cereal,butter,banana,tea,,,,,,,,,,,
chocolate,bread,milk,yogurt,apple,banana,tea,tomato,butter,,,,,,
milk,yogurt,banana,cookies,butter,,,,,,,,,,
bread,milk,yogurt,rice,apple,banana,tea,cookies,butter,coffee,,,,,
bread,milk,cereal,yogurt,eggs,apple,banana,potato,butter,,,,,,
cheese,milk,yogurt,apple,banana,lettuce,sugar,coffee,,,,,,,
chicken,bread,milk,cereal,rice,beef,grapes,cookies,tomato,butter,,,,,
bread,cheese,milk,yogurt,apple,banana,sugar,tomato,butter,,,,,,
chocolate,cereal,milk,eggs,lettuce,,,,,,,,,,
bread,milk,cereal,rice,orange,sugar,butter,,,,,,,,
bread,milk,eggs,grapes,banana,sugar,carrot,coffee,,,,,,,
chocolate,orange,lettuce,coffee,,,,,,,,,,,
cereal,grapes,milk,eggs,,,,,,,,,,,
chocolate,bread,yogurt,apple,tea,banana,lettuce,carrot,,,,,,,
chicken,milk,yogurt,apple,banana,sugar,tomato,carrot,coffee,,,,,,
bread,milk,cereal,rice,eggs,apple,sugar,butter,coffee,,,,,,
chicken,bread,milk,rice,sugar,tomato,butter,,,,,,,,
cheese,milk,yogurt,rice,grapes,apple,banana,sugar,coffee,,,,,,
chocolate,bread,milk,yogurt,grapes,apple,banana,cookies,butter,,,,,,
chocolate,cereal,milk,yogurt,eggs,apple,banana,sugar,,,,,,,
milk,apple,butter,bread,,,,,,,,,,,
bread,cheese,milk,cereal,yogurt,rice,eggs,apple,banana,tea,cookies,butter,,,
chicken,yogurt,rice,apple,banana,tomato,butter,,,,,,,,
fish,chicken,cheese,milk,rice,apple,lettuce,sugar,tomato,butter,coffee,,,,
bread,milk,onion,apple,butter,,,,,,,,,,
yogurt,onion,apple,banana,lettuce,cookies,carrot,,,,,,,,
milk,yogurt,apple,banana,sugar,potato,coffee,,,,,,,,
onion,apple,tea,sugar,potato,,,,,,,,,,
chocolate,bread,milk,carrot,onion,lettuce,fish,butter,,,,,,,
bread,cheese,milk,cookies,potato,butter,,,,,,,,,
bread,milk,cereal,tea,banana,sugar,butter,coffee,,,,,,,
bread,cheese,milk,yogurt,apple,banana,butter,,,,,,,,
bread,milk,cereal,eggs,grapes,potato,sugar,tomato,butter,coffee,,,,,
bread,milk,orange,sugar,butter,coffee,,,,,,,,,
chicken,cereal,yogurt,rice,tomato,butter,,,,,,,,,
cheese,yogurt,banana,lettuce,cookies,,,,,,,,,,
bread,milk,butter,fish,carrot,,,,,,,,,,
potato,sugar,,,,,,,,,,,,,
carrot,tea,eggs,,,,,,,,,,,,
cereal,chocolate,carrot,lettuce,,,,,,,,,,,
cheese,coffee,,,,,,,,,,,,,
bread,milk,onion,sugar,carrot,coffee,,,,,,,,,
cereal,milk,yogurt,eggs,grapes,apple,banana,tea,,,,,,,
grapes,fish,apple,,,,,,,,,,,,
bread,milk,apple,banana,sugar,butter,,,,,,,,,
chicken,bread,milk,cereal,carrot,rice,potato,cookies,tomato,butter,,,,,
bread,milk,cereal,yogurt,eggs,apple,banana,lettuce,orange,potato,butter,coffee,,,
chocolate,bread,milk,cereal,carrot,sugar,fish,butter,coffee,,,,,,
chicken,milk,grapes,apple,cookies,,,,,,,,,,
bread,milk,eggs,sugar,coffee,,,,,,,,,,
chicken,milk,yogurt,apple,banana,carrot,coffee,,,,,,,,
fish,coffee,cookies,,,,,,,,,,,,
chicken,yogurt,rice,onion,apple,banana,orange,cookies,potato,tea,tomato,,,,
chicken,bread,milk,apple,tea,butter,coffee,,,,,,,,
chocolate,cheese,cereal,milk,eggs,tomato,butter,,,,,,,,
chicken,cheese,,,,,,,,,,,,,
fish,bread,milk,banana,potato,butter,,,,,,,,,
bread,milk,cereal,beef,tomato,butter,,,,,,,,,
bread,milk,lettuce,fish,butter,,,,,,,,,,
bread,milk,rice,sugar,tomato,butter,coffee,,,,,,,,
fish,chicken,cereal,milk,rice,eggs,potato,lettuce,sugar,tomato,coffee,,,,
bread,cheese,eggs,fish,carrot,,,,,,,,,,
chocolate,sugar,cookies,,,,,,,,,,,,
chicken,yogurt,apple,banana,coffee,,,,,,,,,,
cheese,yogurt,rice,onion,apple,banana,cookies,,,,,,,,
cereal,milk,yogurt,eggs,apple,banana,potato,carrot,,,,,,,
chicken,rice,tea,orange,tomato,,,,,,,,,,
chocolate,apple,lettuce,chicken,,,,,,,,,,,
fish,rice,onion,,,,,,,,,,,,
milk,banana,butter,bread,,,,,,,,,,,
chicken,bread,cheese,milk,yogurt,eggs,apple,banana,tea,sugar,butter,coffee,,,
milk,cookies,,,,,,,,,,,,,
milk,yogurt,apple,banana,sugar,potato,carrot,coffee,,,,,,,
butter,coffee,,,,,,,,,,,,,
chocolate,bread,milk,cereal,eggs,cookies,butter,,,,,,,,
chicken,cheese,cereal,milk,yogurt,rice,beef,eggs,apple,banana,potato,sugar,tomato,carrot,coffee
milk,yogurt,apple,banana,cookies,sugar,fish,butter,coffee,,,,,,
chocolate,cereal,milk,eggs,banana,sugar,,,,,,,,,
chicken,cheese,rice,potato,tomato,,,,,,,,,,
cereal,milk,eggs,banana,sugar,,,,,,,,,,
chocolate,chicken,cereal,milk,rice,eggs,cookies,tomato,,,,,,,
bread,milk,cereal,rice,eggs,fish,butter,,,,,,,,
milk,onion,lettuce,,,,,,,,,,,,
rice,apple,tea,,,,,,,,,,,,
apple,butter,,,,,,,,,,,,,
milk,orange,coffee,sugar,,,,,,,,,,,
cereal,milk,yogurt,eggs,apple,banana,tea,tomato,butter,,,,,,
chicken,cheese,eggs,lettuce,cookies,,,,,,,,,,
fish,chicken,cheese,yogurt,rice,grapes,apple,banana,tomato,coffee,,,,,
yogurt,beef,grapes,apple,banana,,,,,,,,,,
chocolate,bread,milk,cereal,eggs,apple,butter,,,,,,,,
chicken,cereal,milk,rice,eggs,sugar,tomato,,,,,,,,
cereal,milk,yogurt,eggs,apple,banana,lettuce,potato,,,,,,,
milk,beef,eggs,tea,cookies,,,,,,,,,,
cereal,milk,yogurt,eggs,grapes,apple,banana,potato,tomato,coffee,,,,,
bread,cheese,milk,cereal,eggs,butter,,,,,,,,,
chocolate,bread,cereal,milk,yogurt,eggs,orange,sugar,tomato,coffee,,,,,
fish,beef,,,,,,,,,,,,,
bread,milk,yogurt,carrot,onion,apple,banana,butter,,,,,,,
milk,grapes,cheese,cookies,,,,,,,,,,,
chocolate,bread,milk,onion,butter,,,,,,,,,,
milk,onion,banana,sugar,coffee,,,,,,,,,,
bread,apple,orange,cookies,butter,,,,,,,,,,
tomato,apple,,,,,,,,,,,,,
bread,cheese,milk,orange,fish,butter,,,,,,,,,
cereal,rice,milk,eggs,,,,,,,,,,,
cheese,cereal,milk,eggs,sugar,coffee,,,,,,,,,
chocolate,bread,milk,onion,eggs,butter,,,,,,,,,
bread,milk,cereal,yogurt,beef,eggs,grapes,apple,banana,lettuce,sugar,orange,potato,butter,coffee
cereal,milk,eggs,grapes,lettuce,banana,coffee,,,,,,,,
beef,tea,orange,cookies,,,,,,,,,,,
bread,milk,cereal,yogurt,eggs,apple,tomato,butter,,,,,,,
bread,sugar,milk,banana,cookies,tomato,butter,,,,,,,,
bread,milk,eggs,lettuce,cookies,butter,,,,,,,,,
chicken,bread,milk,rice,potato,tomato,butter,,,,,,,,
onion,grapes,lettuce,sugar,butter,,,,,,,,,,
bread,cereal,milk,eggs,tomato,carrot,,,,,,,,,
bread,milk,carrot,rice,eggs,tomato,sugar,fish,butter,coffee,,,,,
cereal,milk,eggs,sugar,fish,carrot,coffee,,,,,,,,
bread,cheese,eggs,,,,,,,,,,,,
bread,milk,yogurt,grapes,orange,cookies,butter,,,,,,,,
bread,milk,yogurt,apple,banana,cookies,tomato,butter,coffee,,,,,,
bread,apple,cheese,eggs,,,,,,,,,,,
chicken,carrot,,,,,,,,,,,,,
bread,milk,cereal,yogurt,carrot,apple,banana,orange,sugar,butter,,,,,
bread,milk,grapes,potato,butter,,,,,,,,,,
milk,yogurt,rice,eggs,apple,banana,tea,sugar,carrot,coffee,,,,,
sugar,milk,cereal,yogurt,cookies,coffee,,,,,,,,,
cereal,bread,milk,,,,,,,,,,,,
milk,potato,butter,,,,,,,,,,,,
tomato,rice,,,,,,,,,,,,,
bread,milk,onion,cookies,butter,carrot,,,,,,,,,
chocolate,apple,coffee,,,,,,,,,,,,
chicken,bread,milk,cereal,rice,eggs,tomato,butter,,,,,,,
chicken,cheese,yogurt,onion,apple,banana,lettuce,carrot,,,,,,,
milk,cereal,rice,onion,grapes,sugar,carrot,coffee,,,,,,,
chocolate,chicken,cheese,cereal,milk,yogurt,rice,onion,eggs,apple,banana,potato,sugar,tomato,coffee
chocolate,bread,milk,cereal,yogurt,eggs,apple,banana,tea,cookies,butter,,,,
cereal,yogurt,beef,apple,banana,fish,,,,,,,,,
chicken,yogurt,apple,banana,cookies,butter,,,,,,,,,
chocolate,chicken,cereal,milk,eggs,fish,,,,,,,,,
milk,yogurt,banana,sugar,butter,carrot,coffee,,,,,,,,
cheese,milk,yogurt,grapes,apple,banana,,,,,,,,,
bread,milk,beef,tea,butter,coffee,,,,,,,,,
cereal,milk,yogurt,eggs,grapes,apple,banana,carrot,,,,,,,
bread,cheese,milk,yogurt,apple,banana,butter,,,,,,,,
bread,milk,onion,orange,butter,,,,,,,,,,
grapes,rice,chicken,beef,,,,,,,,,,,
chocolate,cheese,yogurt,apple,banana,,,,,,,,,,
yogurt,apple,lettuce,banana,orange,cookies,fish,,,,,,,,
chocolate,bread,cheese,milk,cereal,yogurt,grapes,butter,,,,,,,
cereal,milk,eggs,banana,tea,,,,,,,,,,
chicken,cereal,milk,rice,beef,eggs,sugar,tomato,coffee,,,,,,
yogurt,beef,apple,banana,cookies,sugar,,,,,,,,,
milk,cereal,sugar,potato,coffee,,,,,,,,,,
milk,tomato,butter,cheese,,,,,,,,,,,
cheese,milk,yogurt,grapes,apple,banana,sugar,coffee,,,,,,,
milk,beef,banana,sugar,tomato,coffee,,,,,,,,,
bread,milk,beef,grapes,cookies,butter,fish,carrot,,,,,,,
chicken,cereal,milk,eggs,banana,orange,sugar,butter,coffee,,,,,,
bread,milk,carrot,onion,sugar,butter,coffee,,,,,,,,
bread,milk,carrot,onion,cookies,sugar,butter,coffee,,,,,,,
bread,milk,grapes,apple,orange,butter,coffee,,,,,,,,
fish,yogurt,,,,,,,,,,,,,
bread,cheese,milk,cereal,yogurt,eggs,apple,banana,butter,coffee,,,,,
fish,onion,tea,,,,,,,,,,,,
milk,eggs,apple,sugar,fish,carrot,coffee,,,,,,,,
chicken,beef,apple,tomato,coffee,,,,,,,,,,
chocolate,cereal,milk,yogurt,eggs,cookies,carrot,coffee,,,,,,,
fish,bread,cheese,milk,sugar,potato,butter,coffee,,,,,,,
cereal,milk,yogurt,eggs,banana,orange,,,,,,,,,
cheese,milk,yogurt,grapes,apple,banana,sugar,coffee,,,,,,,
bread,milk,onion,tea,orange,sugar,fish,butter,coffee,,,,,,
milk,orange,sugar,carrot,coffee,,,,,,,,,,
chocolate,bread,milk,onion,carrot,,,,,,,,,,
milk,yogurt,,,,,,,,,,,,,
bread,milk,beef,banana,butter,coffee,,,,,,,,,
bread,cheese,milk,banana,butter,,,,,,,,,,
cheese,grapes,apple,banana,lettuce,,,,,,,,,,
chocolate,bread,cheese,milk,cereal,eggs,tea,butter,,,,,,,
milk,fish,,,,,,,,,,,,,
bread,cheese,milk,cereal,yogurt,rice,onion,eggs,lettuce,sugar,butter,coffee,,,
bread,milk,yogurt,carrot,rice,apple,banana,butter,,,,,,,
chocolate,bread,milk,yogurt,tea,cookies,butter,,,,,,,,
bread,milk,cereal,yogurt,carrot,apple,banana,butter,coffee,,,,,,
chicken,rice,eggs,tomato,coffee,,,,,,,,,,
grapes,onion,banana,bread,,,,,,,,,,,
bread,milk,yogurt,apple,banana,sugar,butter,,,,,,,,
cereal,apple,cookies,,,,,,,,,,,,
bread,milk,onion,tomato,butter,,,,,,,,,,
bread,milk,tomato,butter,coffee,,,,,,,,,,
bread,milk,cereal,yogurt,rice,eggs,apple,banana,cookies,butter,,,,,
cereal,bread,milk,eggs,,,,,,,,,,,
milk,yogurt,apple,banana,cookies,sugar,orange,fish,coffee,,,,,,
yogurt,eggs,apple,tea,banana,orange,fish,,,,,,,,
bread,milk,cereal,yogurt,eggs,apple,banana,tea,sugar,butter,coffee,,,,
cheese,potato,eggs,sugar,,,,,,,,,,,
chocolate,milk,yogurt,sugar,coffee,,,,,,,,,,
bread,milk,cereal,yogurt,onion,eggs,apple,banana,potato,cookies,tomato,butter,,,
cereal,yogurt,,,,,,,,,,,,,
chicken,yogurt,rice,grapes,apple,banana,tomato,carrot,,,,,,,
chocolate,beef,orange,,,,,,,,,,,,
yogurt,onion,beef,grapes,apple,banana,coffee,,,,,,,,
cereal,beef,apple,banana,sugar,,,,,,,,,,
bread,milk,cereal,yogurt,onion,eggs,apple,banana,sugar,tomato,butter,coffee,,,
bread,milk,yogurt,eggs,apple,banana,cookies,butter,,,,,,,
bread,milk,yogurt,rice,apple,banana,sugar,butter,coffee,,,,,,
cereal,milk,yogurt,eggs,apple,banana,fish,,,,,,,,
chicken,milk,rice,sugar,tomato,coffee,,,,,,,,,
chicken,bread,milk,yogurt,rice,beef,eggs,orange,tomato,butter,,,,,
chicken,bread,milk,lettuce,butter,,,,,,,,,,
carrot,tea,,,,,,,,,,,,,
chicken,bread,cheese,milk,yogurt,rice,onion,lettuce,tomato,butter,,,,,
milk,lettuce,butter,bread,,,,,,,,,,,
milk,yogurt,apple,banana,lettuce,sugar,coffee,,,,,,,,
chicken,cereal,milk,rice,onion,eggs,banana,tea,sugar,tomato,,,,,
cereal,milk,beef,eggs,cookies,carrot,coffee,,,,,,,,
chocolate,butter,,,,,,,,,,,,,
chocolate,cereal,coffee,,,,,,,,,,,,
yogurt,rice,grapes,apple,banana,potato,fish,butter,,,,,,,
fish,cereal,milk,eggs,tomato,,,,,,,,,,
bread,milk,onion,grapes,sugar,butter,coffee,,,,,,,,
chicken,milk,tea,sugar,coffee,,,,,,,,,,
yogurt,apple,banana,orange,coffee,,,,,,,,,,
chicken,bread,cereal,milk,rice,eggs,sugar,,,,,,,,
bread,milk,onion,orange,butter,,,,,,,,,,
chicken,bread,milk,rice,onion,eggs,potato,sugar,tomato,butter,coffee,,,,
chicken,yogurt,apple,banana,orange,potato,tomato,,,,,,,,
yogurt,beef,grapes,apple,banana,cookies,sugar,potato,,,,,,,
chicken,bread,milk,cereal,potato,butter,coffee,,,,,,,,
banana,coffee,,,,,,,,,,,,,
bread,milk,cereal,onion,eggs,grapes,orange,butter,,,,,,,
chocolate,bread,milk,beef,butter,,,,,,,,,,
bread,milk,cereal,yogurt,cookies,butter,,,,,,,,,
fish,chicken,bread,milk,rice,tomato,butter,,,,,,,,
milk,yogurt,onion,grapes,apple,banana,orange,sugar,cookies,coffee,,,,,
bread,milk,beef,butter,carrot,,,,,,,,,,
grapes,fish,chicken,,,,,,,,,,,,
bread,cereal,milk,eggs,carrot,,,,,,,,,,
banana,bread,,,,,,,,,,,,,
bread,milk,cereal,eggs,tea,orange,butter,,,,,,,,
bread,milk,cereal,rice,eggs,apple,tea,banana,butter,,,,,,
milk,yogurt,apple,banana,lettuce,potato,coffee,,,,,,,,
bread,milk,banana,sugar,tomato,butter,coffee,,,,,,,,
bread,milk,yogurt,apple,lettuce,sugar,tomato,butter,coffee,,,,,,
chocolate,tomato,sugar,,,,,,,,,,,,
chicken,rice,beef,grapes,potato,tomato,carrot,,,,,,,,
chicken,bread,milk,potato,lettuce,tomato,sugar,fish,butter,coffee,,,,,
cheese,cereal,milk,yogurt,beef,eggs,orange,sugar,potato,coffee,,,,,
yogurt,rice,apple,banana,tomato,,,,,,,,,,
chicken,bread,milk,cereal,rice,onion,eggs,sugar,tomato,butter,coffee,,,,
chicken,bread,cheese,milk,tea,banana,tomato,butter,,,,,,,
bread,cereal,milk,yogurt,eggs,apple,banana,tea,coffee,,,,,,
bread,cheese,milk,carrot,beef,apple,butter,,,,,,,,
bread,milk,yogurt,rice,grapes,sugar,butter,coffee,,,,,,,
potato,orange,sugar,,,,,,,,,,,,
milk,cereal,yogurt,grapes,sugar,fish,coffee,,,,,,,,
chicken,cheese,cereal,milk,yogurt,rice,eggs,apple,banana,potato,tomato,,,,
milk,cereal,yogurt,onion,sugar,tomato,butter,coffee,,,,,,,
rice,eggs,tea,lettuce,fish,,,,,,,,,,
banana,lettuce,,,,,,,,,,,,,
chocolate,milk,yogurt,rice,apple,banana,sugar,coffee,,,,,,,
chicken,butter,,,,,,,,,,,,,
bread,milk,eggs,sugar,tomato,butter,coffee,,,,,,,,
yogurt,apple,banana,lettuce,,,,,,,,,,,
bread,milk,yogurt,rice,apple,banana,potato,coffee,,,,,,,
bread,milk,yogurt,rice,apple,banana,sugar,butter,,,,,,,
chicken,bread,milk,yogurt,rice,apple,banana,cookies,tomato,butter,coffee,,,,
cheese,milk,lettuce,sugar,coffee,,,,,,,,,,
bread,milk,yogurt,carrot,onion,apple,banana,butter,,,,,,,
bread,milk,cereal,yogurt,rice,apple,banana,sugar,butter,coffee,,,,,
chicken,bread,milk,yogurt,rice,onion,carrot,apple,banana,tomato,butter,,,,
chicken,bread,milk,sugar,tomato,coffee,,,,,,,,,
bread,milk,sugar,tomato,butter,,,,,,,,,,
bread,milk,eggs,grapes,banana,sugar,fish,butter,,,,,,,
chicken,milk,onion,tea,sugar,potato,coffee,,,,,,,,
cereal,milk,yogurt,rice,eggs,apple,banana,cookies,,,,,,,
chicken,cereal,milk,eggs,tea,carrot,,,,,,,,,
chicken,milk,cereal,rice,eggs,sugar,tomato,coffee,,,,,,,
bread,milk,rice,tea,sugar,butter,coffee,,,,,,,,
chicken,bread,milk,beef,grapes,butter,,,,,,,,,
cereal,milk,yogurt,beef,eggs,apple,banana,sugar,coffee,,,,,,
potato,rice,orange,,,,,,,,,,,,
apple,coffee,,,,,,,,,,,,,
chocolate,rice,onion,apple,banana,,,,,,,,,,
chicken,cereal,beef,eggs,tea,,,,,,,,,,
bread,yogurt,onion,fish,carrot,,,,,,,,,,
chicken,cereal,yogurt,rice,apple,banana,orange,tomato,butter,,,,,,
bread,cereal,milk,eggs,sugar,,,,,,,,,,
yogurt,eggs,apple,banana,orange,,,,,,,,,,
chocolate,bread,milk,yogurt,carrot,eggs,apple,banana,orange,sugar,butter,,,,
bread,milk,yogurt,beef,eggs,apple,banana,potato,butter,,,,,,
rice,lettuce,bread,,,,,,,,,,,,
chocolate,bread,milk,beef,banana,butter,,,,,,,,,
onion,apple,lettuce,orange,,,,,,,,,,,
chicken,cereal,milk,yogurt,eggs,apple,banana,tomato,,,,,,,
bread,milk,beef,apple,orange,fish,butter,,,,,,,,
milk,grapes,lettuce,sugar,fish,coffee,,,,,,,,,
fish,tea,beef,eggs,,,,,,,,,,,
cereal,rice,chicken,,,,,,,,,,,,
bread,milk,yogurt,apple,banana,butter,,,,,,,,,
chocolate,bread,milk,cereal,beef,grapes,fish,butter,,,,,,,
milk,yogurt,onion,apple,banana,sugar,carrot,coffee,,,,,,,
chocolate,bread,,,,,,,,,,,,,
milk,yogurt,onion,apple,banana,orange,sugar,cookies,carrot,coffee,,,,,
cheese,cookies,,,,,,,,,,,,,
bread,milk,onion,beef,tea,sugar,butter,coffee,,,,,,,
chocolate,bread,milk,rice,eggs,tea,sugar,butter,,,,,,,
bread,milk,eggs,grapes,orange,butter,,,,,,,,,
coffee,lettuce,orange,,,,,,,,,,,,
chicken,bread,milk,rice,tea,orange,cookies,tomato,butter,coffee,,,,,
bread,cheese,milk,apple,banana,orange,butter,,,,,,,,
butter,cheese,,,,,,,,,,,,,
chocolate,cereal,milk,yogurt,eggs,apple,lettuce,sugar,coffee,,,,,,
carrot,orange,,,,,,,,,,,,,
cereal,milk,onion,eggs,fish,,,,,,,,,,
tomato,rice,chicken,sugar,,,,,,,,,,,
beef,apple,coffee,,,,,,,,,,,,
cereal,milk,eggs,orange,butter,,,,,,,,,,
sugar,coffee,cookies,,,,,,,,,,,,
fish,chicken,milk,yogurt,rice,grapes,apple,banana,sugar,tomato,coffee,,,,
cookies,butter,eggs,,,,,,,,,,,,
cereal,yogurt,apple,banana,lettuce,tomato,butter,,,,,,,,
bread,milk,cereal,yogurt,rice,eggs,apple,banana,orange,cookies,butter,coffee,,,
milk,cereal,beef,eggs,potato,sugar,fish,coffee,,,,,,,
banana,lettuce,,,,,,,,,,,,,
chocolate,bread,milk,lettuce,fish,butter,,,,,,,,,
bread,milk,onion,orange,tomato,butter,,,,,,,,,
chocolate,bread,milk,carrot,yogurt,orange,sugar,butter,coffee,,,,,,
fish,chicken,bread,milk,cereal,rice,eggs,sugar,tomato,butter,,,,,
milk,carrot,apple,sugar,tomato,butter,coffee,,,,,,,,
milk,tomato,carrot,bread,,,,,,,,,,,
cheese,cookies,,,,,,,,,,,,,
bread,milk,cereal,carrot,eggs,banana,orange,sugar,butter,coffee,,,,,
yogurt,apple,banana,lettuce,,,,,,,,,,,
cereal,milk,eggs,tea,carrot,,,,,,,,,,
bread,cereal,milk,yogurt,eggs,apple,banana,sugar,fish,coffee,,,,,
chocolate,bread,milk,cereal,yogurt,apple,orange,sugar,butter,coffee,,,,,
bread,milk,cereal,yogurt,apple,banana,tea,butter,,,,,,,
milk,apple,sugar,fish,coffee,,,,,,,,,,
yogurt,carrot,apple,tea,banana,cookies,fish,butter,,,,,,,
milk,tea,sugar,fish,coffee,,,,,,,,,,
fish,chicken,tea,orange,,,,,,,,,,,
bread,milk,cereal,yogurt,beef,apple,banana,cookies,butter,,,,,,
chicken,cereal,yogurt,apple,banana,potato,,,,,,,,,
bread,milk,orange,butter,coffee,,,,,,,,,,
milk,tea,banana,orange,,,,,,,,,,,
yogurt,eggs,grapes,apple,banana,potato,coffee,,,,,,,,
chocolate,yogurt,apple,banana,,,,,,,,,,,
chocolate,coffee,,,,,,,,,,,,,
chocolate,cheese,cereal,rice,onion,,,,,,,,,,
rice,tea,beef,cookies,,,,,,,,,,,
bread,milk,cereal,yogurt,rice,apple,banana,sugar,butter,coffee,,,,,
bread,milk,carrot,onion,grapes,sugar,butter,coffee,,,,,,,
bread,milk,banana,butter,coffee,,,,,,,,,,
chicken,cheese,milk,sugar,potato,butter,coffee,,,,,,,,
milk,beef,apple,sugar,butter,coffee,,,,,,,,,
sugar,milk,onion,cookies,coffee,,,,,,,,,,
chocolate,bread,milk,cereal,eggs,grapes,butter,,,,,,,,
cereal,milk,rice,eggs,fish,,,,,,,,,,
chicken,bread,cheese,milk,rice,sugar,tomato,butter,,,,,,,
butter,carrot,,,,,,,,,,,,,
bread,milk,rice,eggs,apple,banana,butter,coffee,,,,,,,
bread,milk,onion,potato,orange,tomato,butter,,,,,,,,
bread,milk,orange,sugar,butter,coffee,,,,,,,,,
chicken,orange,cookies,,,,,,,,,,,,
yogurt,beef,apple,banana,carrot,coffee,,,,,,,,,
bread,milk,cereal,rice,eggs,lettuce,sugar,butter,coffee,,,,,,
chicken,cheese,cereal,milk,eggs,lettuce,sugar,,,,,,,,
bread,milk,cereal,rice,lettuce,butter,,,,,,,,,
chicken,cheese,cereal,milk,eggs,sugar,,,,,,,,,
chicken,yogurt,rice,potato,lettuce,tomato,coffee,,,,,,,,
chicken,yogurt,apple,lettuce,banana,,,,,,,,,,
bread,milk,cereal,yogurt,eggs,grapes,apple,banana,lettuce,butter,,,,,
chicken,bread,yogurt,onion,apple,banana,cookies,potato,,,,,,,
chicken,cereal,milk,yogurt,eggs,apple,banana,cookies,sugar,fish,butter,coffee,,,
bread,milk,eggs,banana,butter,coffee,,,,,,,,,
yogurt,apple,banana,orange,butter,coffee,,,,,,,,,
fish,bread,cheese,milk,orange,sugar,potato,butter,coffee,,,,,,
cereal,yogurt,apple,banana,tea,butter,,,,,,,,,
lettuce,sugar,,,,,,,,,,,,,
onion,yogurt,apple,banana,,,,,,,,,,,
bread,milk,onion,tea,sugar,potato,butter,,,,,,,,
chicken,apple,lettuce,banana,butter,,,,,,,,,,
chicken,milk,beef,cookies,sugar,coffee,,,,,,,,,
cereal,yogurt,carrot,bread,,,,,,,,,,,
cereal,milk,yogurt,eggs,apple,banana,potato,orange,fish,,,,,,
cereal,milk,onion,eggs,orange,,,,,,,,,,
cereal,potato,chicken,carrot,,,,,,,,,,,
apple,bread,eggs,,,,,,,,,,,,
chicken,onion,eggs,lettuce,banana,,,,,,,,,,
chicken,bread,milk,apple,tea,butter,,,,,,,,,
chicken,cereal,milk,eggs,grapes,lettuce,banana,potato,,,,,,,
bread,milk,cereal,grapes,fish,butter,,,,,,,,,
cheese,lettuce,banana,orange,carrot,,,,,,,,,,
cereal,milk,yogurt,eggs,apple,banana,cookies,potato,,,,,,,
bread,milk,cereal,yogurt,eggs,apple,banana,tea,butter,,,,,,
bread,milk,onion,banana,butter,,,,,,,,,,
bread,milk,eggs,banana,sugar,potato,butter,coffee,,,,,,,
chicken,bread,cheese,milk,yogurt,eggs,apple,banana,cookies,potato,butter,,,,
chicken,cheese,yogurt,apple,banana,,,,,,,,,,
bread,cheese,milk,rice,banana,sugar,tomato,butter,coffee,,,,,,
chicken,yogurt,rice,grapes,orange,,,,,,,,,,
rice,beef,cookies,,,,,,,,,,,,
chicken,cereal,rice,grapes,apple,sugar,tomato,,,,,,,,
bread,milk,cereal,yogurt,carrot,onion,eggs,apple,banana,sugar,potato,butter,,,
chicken,cheese,milk,rice,beef,sugar,tomato,coffee,,,,,,,
bread,milk,cereal,yogurt,eggs,potato,tomato,butter,,,,,,,
chocolate,cereal,onion,grapes,tea,,,,,,,,,,
chicken,bread,milk,cereal,banana,butter,,,,,,,,,
fish,cereal,milk,rice,eggs,potato,,,,,,,,,
chicken,milk,yogurt,apple,banana,sugar,potato,coffee,,,,,,,
chocolate,yogurt,apple,cheese,,,,,,,,,,,
chocolate,chicken,bread,milk,cereal,rice,beef,apple,tomato,butter,,,,,
chicken,bread,rice,sugar,coffee,,,,,,,,,,
cereal,milk,beef,eggs,orange,,,,,,,,,,
yogurt,apple,tea,banana,orange,lettuce,,,,,,,,,
milk,apple,lettuce,,,,,,,,,,,,
chicken,bread,milk,yogurt,beef,apple,banana,butter,,,,,,,
bread,milk,onion,potato,butter,,,,,,,,,,
chicken,bread,milk,yogurt,rice,grapes,butter,,,,,,,,
cheese,yogurt,apple,banana,cookies,sugar,,,,,,,,,
sugar,milk,tea,cookies,butter,coffee,,,,,,,,,
bread,milk,eggs,butter,carrot,,,,,,,,,,
chicken,yogurt,eggs,orange,fish,,,,,,,,,,
chicken,milk,onion,sugar,fish,,,,,,,,,,
bread,milk,yogurt,apple,banana,lettuce,potato,fish,butter,,,,,,
chocolate,chicken,bread,milk,orange,potato,butter,,,,,,,,
bread,milk,cereal,yogurt,banana,cookies,sugar,butter,coffee,,,,,,
milk,yogurt,apple,banana,lettuce,carrot,coffee,,,,,,,,
cereal,milk,rice,eggs,grapes,potato,,,,,,,,,
milk,potato,carrot,,,,,,,,,,,,
chocolate,rice,eggs,tomato,fish,,,,,,,,,,
chocolate,chicken,yogurt,rice,apple,banana,potato,orange,tomato,butter,,,,,
yogurt,onion,apple,banana,sugar,,,,,,,,,,
chicken,milk,rice,cookies,sugar,tomato,coffee,,,,,,,,
cereal,milk,yogurt,beef,eggs,apple,banana,fish,,,,,,,
milk,bread,,,,,,,,,,,,,
bread,milk,tea,butter,carrot,,,,,,,,,,
fish,chicken,yogurt,rice,onion,grapes,banana,tomato,,,,,,,
cereal,milk,onion,eggs,grapes,,,,,,,,,,
cheese,cereal,milk,eggs,tea,tomato,,,,,,,,,
chocolate,fish,butter,beef,,,,,,,,,,,
bread,milk,eggs,butter,carrot,,,,,,,,,,
grapes,chicken,,,,,,,,,,,,,
cheese,yogurt,rice,apple,banana,,,,,,,,,,
chicken,yogurt,rice,grapes,apple,banana,tomato,,,,,,,,
bread,milk,rice,potato,tea,tomato,butter,,,,,,,,
bread,milk,yogurt,eggs,banana,butter,coffee,,,,,,,,
bread,cheese,tea,fish,carrot,,,,,,,,,,
yogurt,onion,apple,banana,orange,,,,,,,,,,
bread,cereal,milk,eggs,sugar,coffee,,,,,,,,,
chocolate,bread,milk,cereal,yogurt,rice,grapes,apple,banana,butter,,,,,
cereal,apple,milk,eggs,,,,,,,,,,,
bread,milk,yogurt,butter,coffee,,,,,,,,,,
chocolate,yogurt,apple,tea,banana,,,,,,,,,,
chocolate,yogurt,apple,,,,,,,,,,,,
carrot,chicken,lettuce,coffee,,,,,,,,,,,
milk,rice,onion,lettuce,tea,sugar,potato,coffee,,,,,,,
chicken,milk,grapes,banana,sugar,fish,coffee,,,,,,,,
bread,milk,onion,beef,eggs,grapes,tea,butter,,,,,,,
chicken,bread,milk,cereal,yogurt,rice,beef,apple,banana,sugar,tomato,butter,coffee,,
chocolate,tea,,,,,,,,,,,,,
milk,yogurt,apple,tea,banana,,,,,,,,,,
yogurt,tea,cheese,,,,,,,,,,,,
bread,milk,onion,banana,orange,butter,,,,,,,,,
yogurt,rice,apple,banana,potato,,,,,,,,,,
chocolate,bread,milk,sugar,butter,,,,,,,,,,
bread,yogurt,apple,banana,carrot,,,,,,,,,,
chicken,bread,milk,rice,eggs,cookies,fish,butter,,,,,,,
bread,milk,yogurt,grapes,apple,banana,butter,,,,,,,,
chicken,milk,cereal,yogurt,rice,apple,banana,sugar,tomato,carrot,coffee,,,,
milk,grapes,,,,,,,,,,,,,
chocolate,milk,onion,apple,lettuce,sugar,butter,coffee,,,,,,,
bread,cheese,milk,cereal,yogurt,carrot,grapes,apple,banana,orange,butter,,,,
bread,cheese,milk,cereal,eggs,butter,,,,,,,,,
potato,orange,lettuce,coffee,,,,,,,,,,,
bread,milk,grapes,orange,cookies,butter,carrot,,,,,,,,
carrot,sugar,,,,,,,,,,,,,
bread,milk,rice,onion,grapes,apple,fish,butter,,,,,,,
carrot,grapes,banana,tomato,butter,,,,,,,,,,
bread,cheese,milk,yogurt,apple,banana,orange,butter,,,,,,,
cheese,cereal,milk,yogurt,eggs,apple,banana,sugar,carrot,coffee,,,,,
bread,cheese,milk,onion,sugar,fish,butter,coffee,,,,,,,
bread,yogurt,apple,banana,lettuce,sugar,,,,,,,,,
tea,sugar,,,,,,,,,,,,,
milk,butter,bread,,,,,,,,,,,,
chocolate,milk,onion,sugar,tomato,butter,coffee,,,,,,,,
tomato,fish,cheese,sugar,,,,,,,,,,,
chocolate,chicken,bread,milk,tea,,,,,,,,,,
yogurt,onion,grapes,apple,banana,cookies,fish,,,,,,,,
potato,fish,coffee,cheese,,,,,,,,,,,
cereal,potato,orange,tomato,,,,,,,,,,,
apple,butter,,,,,,,,,,,,,
chocolate,chicken,cheese,rice,tomato,,,,,,,,,,
chicken,milk,cereal,yogurt,rice,apple,banana,tomato,carrot,,,,,,
chicken,cheese,bread,cereal,yogurt,apple,banana,tomato,,,,,,,
cheese,yogurt,rice,apple,banana,sugar,fish,,,,,,,,
chicken,bread,milk,onion,eggs,butter,coffee,,,,,,,,
bread,rice,cookies,butter,coffee,,,,,,,,,,
beef,sugar,,,,,,,,,,,,,
chicken,cheese,milk,sugar,fish,coffee,,,,,,,,,
chocolate,chicken,bread,milk,eggs,butter,,,,,,,,,
milk,rice,butter,bread,,,,,,,,,,,
cheese,yogurt,apple,banana,cookies,sugar,carrot,,,,,,,,
lettuce,sugar,potato,butter,coffee,,,,,,,,,,
bread,milk,grapes,lettuce,tea,butter,,,,,,,,,
cereal,milk,rice,eggs,tea,orange,butter,,,,,,,,
tomato,chicken,yogurt,cookies,,,,,,,,,,,
chicken,cereal,milk,rice,eggs,grapes,cookies,sugar,tomato,carrot,coffee,,,,
bread,eggs,grapes,banana,lettuce,,,,,,,,,,
milk,potato,tea,cheese,,,,,,,,,,,
chicken,bread,milk,yogurt,rice,grapes,butter,coffee,,,,,,,
bread,milk,cereal,yogurt,eggs,apple,banana,butter,,,,,,,
banana,lettuce,tea,orange,butter,,,,,,,,,,
chocolate,bread,milk,rice,apple,tea,butter,,,,,,,,
potato,rice,apple,yogurt,,,,,,,,,,,
cereal,milk,beef,eggs,potato,,,,,,,,,,
milk,apple,butter,bread,,,,,,,,,,,
chicken,bread,milk,cereal,eggs,tea,butter,coffee,,,,,,,
bread,onion,tea,sugar,carrot,,,,,,,,,,
chocolate,bread,milk,cereal,eggs,sugar,butter,coffee,,,,,,,
cheese,cereal,milk,yogurt,eggs,apple,banana,tomato,,,,,,,
chicken,yogurt,rice,grapes,apple,banana,tomato,,,,,,,,
chicken,bread,milk,yogurt,beef,tea,sugar,coffee,,,,,,,
bread,yogurt,eggs,tea,banana,,,,,,,,,,
chicken,cheese,milk,cereal,rice,onion,banana,sugar,tomato,butter,coffee,,,,
chicken,bread,yogurt,apple,banana,orange,,,,,,,,,
cereal,beef,cheese,,,,,,,,,,,,
chicken,cereal,milk,eggs,orange,sugar,coffee,,,,,,,,
sugar,milk,cereal,cookies,coffee,,,,,,,,,,
carrot,cheese,,,,,,,,,,,,,
fish,yogurt,orange,,,,,,,,,,,,
fish,bread,milk,yogurt,onion,apple,banana,potato,butter,,,,,,
chicken,bread,milk,potato,butter,,,,,,,,,,
bread,milk,cereal,onion,grapes,sugar,tomato,butter,coffee,,,,,,
sugar,cereal,milk,eggs,grapes,apple,cookies,fish,,,,,,,
milk,apple,sugar,fish,coffee,,,,,,,,,,
bread,milk,cereal,yogurt,beef,eggs,apple,banana,orange,butter,,,,,
bread,yogurt,apple,tea,banana,,,,,,,,,,
milk,yogurt,onion,apple,banana,,,,,,,,,,
bread,milk,eggs,grapes,tea,sugar,fish,butter,,,,,,,
chocolate,chicken,cheese,yogurt,banana,,,,,,,,,,
bread,milk,yogurt,onion,apple,banana,butter,,,,,,,,
cereal,milk,beef,eggs,tea,,,,,,,,,,
chicken,cereal,milk,yogurt,eggs,apple,banana,sugar,butter,coffee,,,,,
chocolate,bread,milk,yogurt,onion,banana,butter,,,,,,,,
bread,milk,yogurt,tomato,butter,,,,,,,,,,
cereal,milk,eggs,apple,fish,,,,,,,,,,
bread,cereal,milk,eggs,lettuce,tea,sugar,tomato,fish,coffee,,,,,
cheese,sugar,cookies,potato,butter,,,,,,,,,,
rice,bread,,,,,,,,,,,,,
chocolate,banana,,,,,,,,,,,,,
bread,milk,yogurt,apple,banana,tea,potato,fish,butter,,,,,,
cheese,yogurt,eggs,sugar,potato,,,,,,,,,,
bread,yogurt,apple,banana,tomato,,,,,,,,,,
chicken,bread,milk,carrot,yogurt,apple,butter,,,,,,,,
sugar,bread,cereal,milk,eggs,apple,banana,cookies,,,,,,,
cheese,cereal,yogurt,rice,apple,banana,orange,tomato,,,,,,,
butter,sugar,,,,,,,,,,,,,
yogurt,onion,beef,apple,banana,cookies,potato,,,,,,,,
